playerId,season,name,team,position,situation,games_played,icetime,xGoals,goals,unblocked_shot_attempts,xRebounds,rebounds,xFreeze,freeze,xOnGoal,ongoal,xPlayStopped,playStopped,xPlayContinuedInZone,playContinuedInZone,xPlayContinuedOutsideZone,playContinuedOutsideZone,flurryAdjustedxGoals,lowDangerShots,mediumDangerShots,highDangerShots,lowDangerxGoals,mediumDangerxGoals,highDangerxGoals,lowDangerGoals,mediumDangerGoals,highDangerGoals,blocked_shot_attempts,penalityMinutes,penalties
8478048,2024,Igor Shesterkin,NYR,G,other,61,4629,14.02,13,141,6.44,12,18.21,9,85.83,80,1.79,0,44.89,41,25.52,37,12.7,60,31,21,2.38,3.81,7.83,4,1,8,29,0,0
8478048,2024,Igor Shesterkin,NYR,G,all,61,210308,188.56,167,3589,131.78,206,464.73,326,1929.05,1751,60.59,4,1023.25,775,737.94,1133,178.9,1869,513,228,52.99,64.1,71.46,56,64,47,979,6,3
8478048,2024,Igor Shesterkin,NYR,G,5on5,61,172568,133.92,118,2899,98.01,152,381.9,267,1531.57,1385,47.92,4,813.34,599,605.11,945,128.5,1539,395,149,43.4,49.14,41.39,46,52,20,816,4,2
8478048,2024,Igor Shesterkin,NYR,G,4on5,61,18561,36.41,31,483,25.35,39,59.34,49,273.29,249,2.14,0,152.95,127,81,117,33.6,234,76,54,6.04,9.75,20.63,4,9,18,119,2,1
8478048,2024,Igor Shesterkin,NYR,G,5on4,61,14550,4.16,5,65,1.93,3,5.15,1,37.7,37,8.7,0,11.7,8,25.9,33,4.06,35,11,4,1.14,1.41,1.6,2,2,1,15,0,0
8477967,2024,Thatcher Demko,VAN,G,other,23,2870,7.79,10,76,3.02,8,8.64,6,42.13,41,1.06,0,20.6,19,13.56,12,6.83,28,14,13,0.97,1.72,5.09,1,4,5,21,0,0
8477967,2024,Thatcher Demko,VAN,G,all,23,78118,64.44,63,1205,43.51,74,156.15,134,647.55,569,20.25,2,345.32,297,256.83,319,60.87,645,163,80,18.27,20.48,25.7,20,24,19,317,0,0
8477967,2024,Thatcher Demko,VAN,G,5on5,23,63367,42.72,38,957,32.26,55,129.02,112,507.44,438,15.25,2,275.48,239,206.35,258,40.84,546,109,48,15.3,13.66,13.76,16,14,8,254,0,0
8477967,2024,Thatcher Demko,VAN,G,4on5,23,5762,11.57,12,139,7.07,9,15.21,15,76.15,67,0.35,0,42.1,35,22.52,30,10.87,53,33,15,1.4,4.31,5.86,2,5,5,38,0,0
8477967,2024,Thatcher Demko,VAN,G,5on4,23,6119,2.05,2,29,0.99,2,2.63,1,18.65,20,3.48,0,5.9,4,12.85,16,2.03,16,5,4,0.51,0.56,0.98,1,0,1,4,0,0
8478872,2024,Karel Vejmelka,UTA,G,other,58,5257,11.44,9,163,6.07,6,16.45,18,85.26,78,1.83,2,47.86,39,29.28,42,10.3,68,30,16,2.4,3.84,5.2,2,2,5,49,0,0
8478872,2024,Karel Vejmelka,UTA,G,all,58,202100,159.18,145,3154,106.27,148,400.46,323,1642.17,1509,61.02,9,867.89,741,641.75,869,152.71,1618,450,163,47.56,55.62,56,46,42,57,923,0,0
8478872,2024,Karel Vejmelka,UTA,G,5on5,58,165127,107.82,91,2444,75.45,117,322.24,255,1256.14,1138,51.13,7,662.29,554,503.5,693,104.6,1281,330,103,37.17,41.05,29.59,36,30,25,730,0,0
8478872,2024,Karel Vejmelka,UTA,G,4on5,58,16260,35.98,35,472,22.45,24,53.61,47,254.39,240,0.89,0,141.53,135,78.2,98,33.93,227,70,43,6.57,8.46,20.94,4,4,27,132,0,0
8478872,2024,Karel Vejmelka,UTA,G,5on4,58,15456,2.26,6,55,1.46,0,5.51,3,32.71,39,6.74,0,10.47,9,24.16,27,2.24,36,8,1,1.15,0.85,0.26,4,2,0,10,0,0
8479979,2024,Jake Oettinger,DAL,G,other,58,4647,14.88,8,149,6.04,10,14.45,8,80.19,66,1.6,1,45.73,45,22.18,35,11.41,48,38,20,1.99,4.76,8.13,1,4,3,43,0,0
8479979,2024,Jake Oettinger,DAL,G,all,58,204604,157.65,147,3284,114.57,160,439.96,373,1782.37,1611,59.74,7,957.75,738,702.3,1009,148.58,1829,432,171,52.4,51.61,53.65,53,55,39,852,0,0
8479979,2024,Jake Oettinger,DAL,G,5on5,58,167985,117.4,112,2688,87.54,126,369.32,309,1438.25,1287,47.62,4,765.88,584,578.65,831,113.16,1508,340,119,43.64,40.32,33.45,43,45,24,721,0,0
8479979,2024,Jake Oettinger,DAL,G,4on5,58,15104,21.71,20,380,18.87,23,48.81,54,216.09,201,1.24,0,130.5,103,68.67,96,20.4,225,43,28,5.68,5.03,11,5,4,11,84,0,0
8479979,2024,Jake Oettinger,DAL,G,5on4,58,16868,3.16,4,60,1.83,1,6.7,2,43.79,53,9.21,2,13.88,5,31.14,46,3.12,45,9,4,0.92,1.18,1.06,2,1,1,2,0,0
8476883,2024,Andrei Vasilevskiy,TBL,G,other,63,5385,10.43,5,145,5.31,7,15.19,9,73.49,55,1.71,0,40.02,41,23.44,35,9.44,58,23,16,2.19,2.93,5.3,1,3,1,48,0,0
8476883,2024,Andrei Vasilevskiy,TBL,G,all,63,224585,165.16,136,3488,121.86,179,451.4,383,1828.06,1717,62.76,3,982.03,738,715.03,1052,155.88,1868,456,173,52.85,55.42,56.88,59,52,25,991,8,4
8476883,2024,Andrei Vasilevskiy,TBL,G,5on5,63,186678,121.52,96,2866,93.79,140,382.69,336,1493.16,1406,50.52,3,801.25,593,595.52,873,116.76,1562,370,113,44.36,44.76,32.39,51,38,7,821,6,3
8476883,2024,Andrei Vasilevskiy,TBL,G,4on5,63,15689,29.15,25,395,19.96,30,46.16,35,214.72,203,1.59,0,122.14,95,65.49,103,25.77,202,45,43,4.79,5.39,18.96,3,5,17,105,0,0
8476883,2024,Andrei Vasilevskiy,TBL,G,5on4,63,16833,2.84,7,63,1.89,2,5.51,2,36.01,42,8.76,0,12.39,2,26.16,37,2.83,39,10,1,1.21,1.4,0.23,4,3,0,13,2,1
8477968,2024,Alex Nedeljkovic,PIT,G,other,38,3196,9.06,10,105,4.32,10,11.07,11,54.74,55,1.07,2,29.83,26,16.88,16,7.88,39,22,12,1.75,2.97,4.33,2,6,2,32,0,0
8477968,2024,Alex Nedeljkovic,PIT,G,all,38,129051,111.02,112,2127,76.58,135,278.21,231,1135.72,1054,38.55,3,616.28,478,444.19,607,104.73,1142,297,126,32.7,36.92,41.39,43,37,32,562,2,1
8477968,2024,Alex Nedeljkovic,PIT,G,5on5,38,107191,79.31,80,1698,57.94,107,228.74,180,893.66,821,31.22,1,483.56,369,353.51,496,75.9,922,223,89,26.23,27.63,25.45,36,27,17,464,2,1
8477968,2024,Alex Nedeljkovic,PIT,G,4on5,38,9202,19.18,19,267,12.36,15,32.31,36,149.11,142,0.69,0,89.87,77,47.57,59,17.57,146,37,23,3.61,4.45,11.13,4,2,13,61,0,0
8477968,2024,Alex Nedeljkovic,PIT,G,5on4,38,9462,2.91,2,50,1.72,3,5.52,4,34.68,34,5.33,0,11.02,4,24.73,34,2.82,34,11,2,1.05,1.38,0.48,1,1,0,3,0,0
8476999,2024,Linus Ullmark,OTT,G,other,44,5425,14.89,8,174,7.27,15,18.89,12,90.15,78,1.57,0,53.53,46,25.09,42,12.68,71,28,24,2.64,3.68,8.57,1,3,4,51,0,0
8476999,2024,Linus Ullmark,OTT,G,all,44,148037,125.84,112,2446,88.96,156,315.56,272,1284.36,1230,43.95,3,701.47,566,491.15,654,116.86,1298,319,150,36.89,40.2,48.76,39,36,37,679,0,0
8476999,2024,Linus Ullmark,OTT,G,5on5,44,119321,84.56,82,1913,63.32,120,253.83,213,986,944,34.34,3,532.46,416,396.81,529,80.41,1046,225,94,29.78,28.17,26.61,37,24,21,548,0,0
8476999,2024,Linus Ullmark,OTT,G,4on5,44,10539,25.35,22,329,17.56,21,39.48,45,189.8,191,1,0,109.34,96,56.19,68,22.73,161,61,32,3.97,7.8,13.58,1,9,12,75,0,0
8476999,2024,Linus Ullmark,OTT,G,5on4,44,12752,0.79,0,27,0.73,0,3.07,2,16.69,15,6.79,0,5.55,8,12.34,13,0.78,20,3,0,0.51,0.29,0,0,0,0,4,0,0
8478009,2024,Ilya Sorokin,NYI,G,other,61,5485,20.29,15,220,9.01,18,22.91,14,118.26,112,1.83,0,66.51,63,34.35,47,15.86,83,43,31,3.57,5.42,11.3,5,4,6,63,0,0
8478009,2024,Ilya Sorokin,NYI,G,all,61,209931,175.54,158,3637,129.27,205,454.12,315,1886.51,1696,62.08,3,1024.99,860,737.16,1042,165.46,1936,460,188,56.21,58.23,61.1,64,55,39,1053,2,1
8478009,2024,Ilya Sorokin,NYI,G,5on5,61,176352,123.84,107,2929,96.09,150,372.99,261,1484.7,1329,50.73,2,803.75,670,596.64,851,119.67,1564,364,115,45.03,46.49,32.32,51,46,10,886,2,1
8478009,2024,Ilya Sorokin,NYI,G,4on5,61,13471,27.56,31,415,21.81,34,50.61,39,234.98,207,1.43,0,138.59,115,73.61,101,26.13,240,42,38,6.1,5.07,16.38,4,4,23,95,0,0
8478009,2024,Ilya Sorokin,NYI,G,5on4,61,14623,3.23,5,60,1.92,3,6.11,1,41.15,41,7.92,1,12.72,10,28.77,35,3.18,41,9,4,1.17,0.97,1.09,4,1,0,6,0,0
8476945,2024,Connor Hellebuyck,WPG,G,other,63,5710,12.76,9,168,6.93,14,17.34,12,85.95,77,1.95,0,48.52,42,25.49,37,11.36,69,26,19,2.64,3.33,6.79,2,2,5,54,0,0
8476945,2024,Connor Hellebuyck,WPG,G,all,63,224482,164.59,125,3647,126,204,471.41,362,1875.65,1664,64.54,1,1027.63,897,744.98,1007,156.54,1993,433,173,54.58,54.36,55.65,52,35,38,1048,2,1
8476945,2024,Connor Hellebuyck,WPG,G,5on5,63,189605,120.14,85,2977,96.22,152,395.11,314,1517.17,1339,53.55,0,835.25,734,618.22,828,115.71,1665,344,108,46.27,43.31,30.56,42,24,19,860,2,1
8476945,2024,Connor Hellebuyck,WPG,G,4on5,63,14662,28.17,28,431,20.76,33,51.38,32,227.6,200,1.13,0,129.25,113,69.59,101,26.05,211,54,42,4.4,6.47,17.29,6,9,13,124,0,0
8476945,2024,Connor Hellebuyck,WPG,G,5on4,63,14505,3.42,3,68,2.01,5,7.09,4,42.85,45,7.8,0,13.76,7,30.28,39,3.31,45,9,4,1.16,1.24,1.01,2,0,1,10,0,0
8480280,2024,Jeremy Swayman,BOS,G,other,58,5001,13.14,16,163,6.75,10,18.3,15,91.19,85,1.73,2,50.41,42,29.96,38,12.18,77,26,19,3.33,3.03,6.79,5,4,7,41,0,0
8480280,2024,Jeremy Swayman,BOS,G,all,58,203435,166.9,176,3376,115.47,163,431.8,386,1773.77,1632,53.68,4,961.42,767,712.22,948,160.05,1830,443,175,52.57,55.11,59.22,77,58,41,928,2,1
8480280,2024,Jeremy Swayman,BOS,G,5on5,58,167513,114.44,115,2723,86.53,126,356.26,312,1395.71,1271,42.43,2,767.05,614,569.25,771,110.48,1501,338,102,42.23,42.45,29.76,62,41,12,782,2,1
8480280,2024,Jeremy Swayman,BOS,G,4on5,58,14724,31.28,39,382,18.38,20,45.74,55,212.69,205,1.17,0,120.74,95,63.89,75,29.82,186,58,43,5.04,6.92,19.33,7,12,20,95,0,0
8480280,2024,Jeremy Swayman,BOS,G,5on4,58,16197,7.72,5,104,3.64,7,10.82,4,71.07,68,8.18,0,22.02,16,47.54,61,7.26,64,19,11,1.9,2.48,3.34,2,1,2,10,0,0
8482821,2024,Arvid Soderblom,CHI,G,other,36,2591,7.55,6,85,4.22,7,9.95,6,50.97,51,0.72,0,28.99,28,15.55,21,7.06,43,14,11,1.79,1.84,3.91,2,0,4,17,0,0
8482821,2024,Arvid Soderblom,CHI,G,all,36,125790,111.96,111,2187,81.73,124,283.05,201,1190.4,1087,30.03,1,654.81,503,464.83,695,106.11,1223,294,119,36.44,38.44,37.08,48,40,23,551,0,0
8482821,2024,Arvid Soderblom,CHI,G,5on5,36,107784,81.67,92,1815,63.51,93,238.38,168,972.13,888,26.2,1,535.21,399,392.8,590,78.53,1035,229,80,30.41,30.04,21.22,43,37,12,471,0,0
8482821,2024,Arvid Soderblom,CHI,G,4on5,36,9349,19.15,9,253,13,21,31.75,27,145.99,127,0.66,0,84.4,71,43.92,69,17.11,129,45,23,3.89,5.59,9.66,3,2,4,56,0,0
8482821,2024,Arvid Soderblom,CHI,G,5on4,36,6066,1.91,2,29,0.86,2,2.43,0,17.88,17,2.43,0,5.51,5,11.75,14,1.87,15,5,3,0.31,0.79,0.81,0,1,1,6,0,0
8475660,2024,Cam Talbot,DET,G,other,47,3392,12.89,12,130,5.29,10,12.78,15,68.92,59,1.22,0,39.84,40,16.89,13,11.26,38,31,21,1.55,3.73,7.6,3,4,5,40,0,0
8475660,2024,Cam Talbot,DET,G,all,47,158530,141.8,129,2709,95.55,155,347.86,291,1427.61,1296,43.57,2,764.24,646,548.24,721,132.85,1418,355,173,39.19,44.43,58.19,45,39,45,763,0,0
8475660,2024,Cam Talbot,DET,G,5on5,47,134816,100.34,78,2209,73.64,124,296.48,251,1158.73,1044,35.56,1,616.12,523,460.65,609,94.99,1195,279,113,32.85,35.04,32.45,35,30,13,622,0,0
8475660,2024,Cam Talbot,DET,G,4on5,47,9338,25.89,33,322,15.04,21,34.46,23,171.78,158,0.68,0,98.56,78,51.7,74,23.96,159,36,36,4.03,4.36,17.5,4,4,25,91,0,0
8475660,2024,Cam Talbot,DET,G,5on4,47,10984,2.33,6,40,1.35,0,3.43,2,24.42,31,5.96,1,7.94,3,17.18,22,2.3,23,7,3,0.65,1.05,0.63,3,1,2,7,0,0
8474593,2024,Jacob Markstrom,NJD,G,other,49,3969,9.49,8,125,5.25,11,14.13,9,67.42,60,1.5,0,41.03,37,21.74,28,8.42,55,26,13,2.25,2.76,4.48,4,1,3,31,0,0
8474593,2024,Jacob Markstrom,NJD,G,all,49,174181,124.43,121,2677,94.02,124,343.24,262,1395.69,1214,51.61,2,767.28,600,556.72,822,117.33,1454,355,124,41.35,43.81,39.27,60,40,21,744,0,0
8474593,2024,Jacob Markstrom,NJD,G,5on5,49,145633,87.54,92,2143,69.78,87,285.72,226,1115.18,970,41.59,2,609.17,462,456.05,676,85.35,1191,285,70,33.39,35.21,18.94,47,35,10,597,0,0
8474593,2024,Jacob Markstrom,NJD,G,4on5,49,13683,23.3,19,349,16.91,24,37.73,26,175.47,147,1.14,0,104.33,96,55.83,79,19.58,177,29,38,4.5,3.86,14.93,8,3,8,105,0,0
8474593,2024,Jacob Markstrom,NJD,G,5on4,49,10896,3.01,1,46,1.52,2,4.07,1,28.46,30,6.98,0,8.87,4,18.54,29,2.89,25,9,3,0.84,1.24,0.92,1,0,0,9,0,0
8482411,2024,Hunter Shepard,WSH,G,other,1,8,0,0,0,0,0,0,0,0,0,0,0,0,0,0,0,0,0,0,0,0,0,0,0,0,0,0,0,0
8482411,2024,Hunter Shepard,WSH,G,all,1,3600,3.23,7,59,1.7,1,6.62,6,28.98,26,0.98,0,14.31,10,11.26,14,3.21,24,11,3,0.77,1.46,1.01,2,4,1,21,0,0
8482411,2024,Hunter Shepard,WSH,G,5on5,1,3128,3.02,7,52,1.5,1,5.8,5,26,24,0.87,0,12.7,8,10.21,13,3,20,11,3,0.56,1.46,1.01,2,4,1,18,0,0
8482411,2024,Hunter Shepard,WSH,G,4on5,1,232,0.21,0,7,0.2,0,0.82,1,2.98,2,0,0,1.62,2,1.05,1,0.21,4,0,0,0.21,0,0,0,0,0,3,0,0
8482411,2024,Hunter Shepard,WSH,G,5on4,1,232,0,0,0,0,0,0,0,0,0,0.12,0,0,0,0,0,0,0,0,0,0,0,0,0,0,0,0,0,0
8475717,2024,Calvin Pickard,EDM,G,other,36,3105,4.03,1,87,3.06,4,8.84,7,40.58,40,0.87,0,23.84,25,13.78,18,3.39,41,9,5,1.41,1,1.62,0,1,0,32,0,0
8475717,2024,Calvin Pickard,EDM,G,all,36,112903,75.91,85,1666,54.25,69,212.2,147,875.05,849,35.39,2,475.46,368,354.15,530,73.04,917,212,72,27,25.96,22.95,37,30,18,465,0,0
8475717,2024,Calvin Pickard,EDM,G,5on5,36,94035,56.91,64,1359,42.9,58,180.04,121,715.3,699,29.31,2,388.94,296,291.46,444,55.28,771,162,51,22.3,19.99,14.64,32,21,11,375,0,0
8475717,2024,Calvin Pickard,EDM,G,4on5,36,7327,12.84,17,180,7.09,6,19,16,90.08,81,0.64,0,53.55,41,28.58,43,12.29,76,33,15,2.54,3.87,6.44,3,7,7,56,0,0
8475717,2024,Calvin Pickard,EDM,G,5on4,36,8436,1.87,2,36,1.05,1,3.83,2,26.31,26,4.41,0,7.88,5,18.59,24,1.82,26,7,1,0.6,1.01,0.26,1,1,0,2,0,0
8479361,2024,Joseph Woll,TOR,G,other,42,4582,11.41,10,153,6.64,8,15.99,14,80.56,66,1.38,0,49.56,51,23.51,27,9.89,63,33,14,2.66,4.18,4.57,3,5,2,43,0,0
8479361,2024,Joseph Woll,TOR,G,all,42,146540,127.85,111,2558,88.27,143,324.84,276,1324.41,1216,41.74,2,727.47,590,518.94,710,120.4,1354,333,145,38.31,40.97,48.57,45,42,24,726,0,0
8479361,2024,Joseph Woll,TOR,G,5on5,42,123557,81.36,74,2045,65.16,103,266.35,223,1033.32,948,34.32,2,571.07,438,423.06,602,79.13,1126,238,78,30.02,29.37,21.98,38,27,9,603,0,0
8479361,2024,Joseph Woll,TOR,G,4on5,42,9511,31.1,25,304,14.48,26,36.01,33,172.22,159,0.72,0,94.11,90,47.79,55,27.63,129,55,45,4.53,6.61,19.95,4,8,13,75,0,0
8479361,2024,Joseph Woll,TOR,G,5on4,42,8890,3.71,2,47,1.76,6,5.56,4,34.1,38,4.97,0,10.49,10,22.34,23,3.5,30,7,8,0.84,0.81,2.06,0,2,0,2,0,0
8483530,2024,Jaxson Stauber,UTA,G,other,6,499,0.85,0,19,0.74,1,2.29,0,10.04,7,0.17,0,6.06,6,3.71,6,0.79,12,1,1,0.43,0.11,0.3,0,0,0,5,0,0
8483530,2024,Jaxson Stauber,UTA,G,all,6,18791,17.43,17,328,11.12,17,41.34,28,171.5,158,4.9,0,90.88,86,65.67,83,16.62,163,49,20,5.14,6.12,6.16,6,8,3,96,0,0
8483530,2024,Jaxson Stauber,UTA,G,5on5,6,15257,12.59,15,255,8.42,15,34.05,22,134.6,127,4.01,0,70.71,67,52.79,64,12.04,136,33,14,4.09,4.27,4.22,6,7,2,72,0,0
8483530,2024,Jaxson Stauber,UTA,G,4on5,6,1567,3.23,2,46,1.75,1,4.56,6,22.66,20,0.07,0,12.97,12,6.79,9,3.05,13,14,3,0.58,1.54,1.11,0,1,1,16,0,0
8483530,2024,Jaxson Stauber,UTA,G,5on4,6,1468,0.75,0,8,0.2,0,0.43,0,4.21,4,0.64,0,1.14,1,2.37,4,0.75,2,1,2,0.03,0.2,0.52,0,0,0,3,0,0
8481611,2024,Pyotr Kochetkov,CAR,G,other,47,4023,11.1,8,135,5.3,8,14.05,10,66.29,59,1.22,1,38.41,41,16.75,21,10.47,52,21,15,1.88,2.47,6.75,2,0,6,47,0,0
8481611,2024,Pyotr Kochetkov,CAR,G,all,47,167442,126.99,121,2306,86.78,151,306.93,232,1269.16,1172,56.13,3,671.94,495,481.23,711,121.03,1210,354,153,34.9,43.06,49.03,41,46,34,589,8,4
8481611,2024,Pyotr Kochetkov,CAR,G,5on5,47,138453,93.43,95,1864,65.89,113,252.98,193,1019.24,947,47.24,2,536.54,388,400.49,588,89.48,997,276,111,28.87,33.84,30.72,37,41,17,480,8,4
8481611,2024,Pyotr Kochetkov,CAR,G,4on5,47,12219,19.74,16,262,14.1,30,36.1,27,156.97,137,1.26,0,88.64,62,46.13,75,18.37,139,47,24,3.56,5.47,10.71,1,4,11,52,0,0
8481611,2024,Pyotr Kochetkov,CAR,G,5on4,47,12747,2.67,1,44,1.45,0,3.67,2,25.97,28,6.39,0,8.03,4,17.42,27,2.65,21,10,3,0.55,1.28,0.84,0,1,0,10,0,0
8477992,2024,Jonas Johansson,TBL,G,other,19,1847,3.03,1,39,1.59,0,3.82,3,19.19,15,0.65,0,10.72,13,5.07,8,2.89,13,8,4,0.44,1.17,1.42,0,0,1,14,0,0
8477992,2024,Jonas Johansson,TBL,G,all,19,66615,56.95,58,1115,41.7,66,150.21,119,606.21,554,19.25,1,327.5,259,236.54,332,53.34,610,162,62,18.54,19.89,18.51,27,20,11,281,0,0
8477992,2024,Jonas Johansson,TBL,G,5on5,19,57246,43.36,43,929,32.76,52,126.66,99,498.74,455,16.08,1,271.08,209,199.08,287,40.57,521,122,47,15.22,14.61,13.53,23,12,8,239,0,0
8477992,2024,Jonas Johansson,TBL,G,4on5,19,3503,8.78,10,116,6.19,14,16.01,16,67.21,62,0.43,0,37.35,30,19.12,20,8.11,54,25,11,2.02,3.18,3.57,2,6,2,26,0,0
8477992,2024,Jonas Johansson,TBL,G,5on4,19,4019,1.09,3,20,0.64,0,2.35,1,14.07,16,1.79,0,4.73,3,9.71,12,1.07,15,4,0,0.56,0.52,0,1,2,0,1,0,0
8483710,2024,Dennis Hildeby,TOR,G,other,6,712,1.16,1,16,0.58,0,1.82,3,8.23,9,0.25,0,4.64,4,3.5,4,1.15,9,2,1,0.36,0.29,0.5,1,0,0,4,0,0
8483710,2024,Dennis Hildeby,TOR,G,all,6,21649,15.65,20,345,11.63,19,44.39,36,179.51,157,5.93,1,97.15,78,73.77,96,15.03,193,42,14,5.46,5.49,4.7,9,6,5,96,0,0
8483710,2024,Dennis Hildeby,TOR,G,5on5,6,17794,12.21,16,280,9.16,18,38.05,25,148.59,122,4.83,1,79.76,66,60.5,80,11.67,160,34,11,4.3,4.33,3.58,8,5,3,75,0,0
8483710,2024,Dennis Hildeby,TOR,G,4on5,6,1384,1.78,2,40,1.54,1,3.49,7,16.23,18,0.08,0,10.55,7,5.07,6,1.71,17,5,1,0.66,0.72,0.4,0,1,1,17,0,0
8483710,2024,Dennis Hildeby,TOR,G,5on4,6,1759,0.5,1,9,0.35,0,1.03,1,6.46,8,0.77,0,2.21,1,4.69,6,0.5,7,1,1,0.14,0.15,0.21,0,0,1,0,0,0
8478435,2024,Dan Vladar,CGY,G,other,30,2520,7.62,7,104,3.9,5,11.02,8,54.93,41,1.06,2,30.95,30,18.61,24,7.1,48,17,9,1.81,2.36,3.45,4,1,2,30,0,0
8478435,2024,Dan Vladar,CGY,G,all,30,106862,83.91,83,1743,57.98,80,217.53,182,888.29,810,30.53,4,485.05,385,348.76,490,80.19,905,233,86,26.7,29.29,27.92,30,35,18,519,2,1
8478435,2024,Dan Vladar,CGY,G,5on5,30,88969,57.28,52,1397,43.26,62,180.07,158,701.12,639,25.13,1,380.24,297,282.65,395,55.31,748,171,49,21.06,21.97,14.25,21,27,4,429,2,1
8478435,2024,Dan Vladar,CGY,G,4on5,30,7450,16.9,21,212,9.85,11,23.25,16,112.94,110,0.58,0,67.42,55,35.82,54,15.75,95,37,25,3.5,3.95,9.45,5,6,10,55,0,0
8478435,2024,Dan Vladar,CGY,G,5on4,30,7923,1.32,1,20,0.59,2,1.98,0,12.76,12,3.62,1,3.98,2,8.68,12,1.27,10,6,1,0.23,0.75,0.34,0,0,1,3,0,0
8474596,2024,Jake Allen,NJD,G,other,31,2955,5.85,2,68,2.38,3,6.58,9,33.71,27,0.67,1,20.14,17,9.86,15,4.58,27,11,8,1.11,1.35,3.4,1,0,1,22,0,0
8474596,2024,Jake Allen,NJD,G,all,31,104290,95.42,77,1700,62.18,128,224.16,170,912.07,821,28.64,4,482.28,359,351.39,509,87.87,910,215,122,25.79,27.29,42.34,21,33,23,453,0,0
8474596,2024,Jake Allen,NJD,G,5on5,31,86478,66.36,55,1403,47.47,95,189.71,149,738.05,663,22.67,0,394.95,301,292.76,415,63.02,763,174,80,21.31,22.26,22.8,18,26,11,386,0,0
8474596,2024,Jake Allen,NJD,G,4on5,31,7055,20.59,17,190,10.96,28,23.8,11,113.39,101,0.67,0,58.85,34,30.97,59,17.75,98,19,32,2.7,2.24,15.65,1,5,11,41,0,0
8474596,2024,Jake Allen,NJD,G,5on4,31,7802,2.22,2,34,1.19,2,3.55,1,23.73,26,4.48,3,6.99,6,16.33,19,2.14,21,8,2,0.62,1.11,0.49,1,1,0,3,0,0
8478406,2024,Mackenzie Blackwood,COL,G,other,56,4404,11.56,7,162,6.74,13,16.57,18,80.57,68,2.06,1,47,46,23.98,25,10.1,66,25,18,2.24,3.31,6,3,3,1,53,0,0
8478406,2024,Mackenzie Blackwood,COL,G,all,56,193418,150.32,137,3209,113.62,194,418.14,311,1687.02,1550,56.29,4,913.66,773,654.57,887,143.31,1727,421,159,48.05,52.83,49.43,64,39,34,902,2,1
8478406,2024,Mackenzie Blackwood,COL,G,5on5,56,159925,110.04,105,2584,84.72,149,345.23,250,1342.4,1226,45.63,2,722.03,597,532.37,734,105.99,1409,321,109,38.78,40.69,30.57,54,30,21,745,2,1
8478406,2024,Mackenzie Blackwood,COL,G,4on5,56,14209,24.81,21,392,20.13,28,49.8,41,220.1,210,1.61,0,130.78,124,67.9,87,23.44,210,63,28,5.9,7.41,11.5,5,5,11,91,0,0
8478406,2024,Mackenzie Blackwood,COL,G,5on4,56,14880,3.8,4,67,1.95,4,6.28,1,42.56,44,6.76,1,13.18,6,29.46,40,3.68,41,11,4,1.11,1.33,1.36,2,1,1,11,0,0
8478007,2024,Elvis Merzlikins,CBJ,G,other,53,4665,12.7,14,161,5.9,6,16.2,15,81.64,75,1.33,0,45.27,44,27.07,30,11.37,64,28,18,2.73,3.53,6.44,2,6,6,51,0,0
8478007,2024,Elvis Merzlikins,CBJ,G,all,53,190255,159.83,168,3324,114.9,174,412.8,279,1696.89,1557,53.48,5,925.06,773,660.81,928,152.48,1734,417,180,48.37,52.5,58.95,69,52,47,993,8,4
8478007,2024,Elvis Merzlikins,CBJ,G,5on5,53,160595,115.04,114,2708,87.22,147,342.68,225,1358.68,1230,45.17,5,734.83,609,544.95,769,110.25,1435,315,121,39.69,40.14,35.2,61,34,19,837,8,4
8478007,2024,Elvis Merzlikins,CBJ,G,4on5,53,14101,28.52,36,403,19.99,19,48.74,37,224,217,1.47,0,133.64,110,67.66,103,27.38,208,61,37,5.16,7.14,16.23,4,10,22,97,0,0
8478007,2024,Elvis Merzlikins,CBJ,G,5on4,53,10894,2.37,4,37,1.15,0,3.27,0,23.62,27,5.27,0,7.36,6,17.14,22,2.37,22,7,3,0.65,0.98,0.75,2,2,0,5,0,0
8476932,2024,Anthony Stolarz,TOR,G,other,34,3347,8.92,8,108,4.56,7,10.09,9,54.02,50,1.32,0,33.18,31,14.36,18,5.88,42,17,14,1.54,1.98,5.39,1,3,4,35,0,0
8476932,2024,Anthony Stolarz,TOR,G,all,34,119214,96.78,71,2133,72.96,126,271.66,189,1084.66,955,31.17,2,596.59,520,426.02,595,89.92,1142,248,111,30.41,31.81,34.58,24,27,20,632,0,0
8476932,2024,Anthony Stolarz,TOR,G,5on5,34,96564,65.15,41,1677,52.34,101,218.3,147,833.24,729,23.83,2,453.91,382,337.91,485,62.23,917,166,73,23.82,21.47,19.86,18,16,7,521,0,0
8476932,2024,Anthony Stolarz,TOR,G,4on5,34,10437,18.85,20,301,14.07,15,37.44,32,163.28,139,0.86,0,97.5,99,51.65,59,18.07,153,51,21,4.07,6.23,8.55,5,6,9,76,0,0
8476932,2024,Anthony Stolarz,TOR,G,5on4,34,8866,3.43,2,41,1.76,3,4.88,1,29.59,33,4.98,0,10.02,7,19.84,28,3.3,26,12,3,0.75,1.91,0.77,0,2,0,0,0,0
8479973,2024,Stuart Skinner,EDM,G,other,51,3995,10.62,7,140,5.4,8,15.52,11,73.6,74,1.35,0,42.77,48,24.01,27,10.13,63,26,12,2.54,3.16,4.92,3,1,3,39,0,0
8479973,2024,Stuart Skinner,EDM,G,all,51,176547,136.48,138,2731,94.12,161,355.45,296,1435.63,1325,52.24,6,765.81,609,553.98,747,130.07,1461,333,161,41.41,41.09,53.99,55,49,34,776,0,0
8479973,2024,Stuart Skinner,EDM,G,5on5,51,149547,98.85,103,2212,71.85,128,293.88,245,1147.62,1045,43.9,6,607.39,468,453,617,94.8,1176,277,111,33.21,34.3,31.33,47,40,16,648,0,0
8479973,2024,Stuart Skinner,EDM,G,4on5,51,11620,23.72,25,327,14.85,22,40.14,37,178.56,170,0.95,0,102.97,86,54.22,71,21.89,186,22,34,4.6,2.59,16.53,3,7,15,85,0,0
8479973,2024,Stuart Skinner,EDM,G,5on4,51,11385,3.03,2,41,1.42,2,4.23,1,29.3,28,5.69,0,9.31,4,20.02,30,2.99,28,7,4,0.88,0.94,1.21,1,1,0,2,0,0
8476434,2024,John Gibson,ANA,G,other,29,2468,10.59,6,100,4.02,4,9.16,12,49.1,53,0.52,0,29.76,31,12.52,15,8.13,32,21,15,1.29,2.48,6.82,0,2,4,32,0,0
8476434,2024,John Gibson,ANA,G,all,29,93729,87.34,72,1696,59.32,86,212.58,203,879.55,812,26.64,3,478.85,382,342.2,465,82.19,894,214,102,26.39,26.16,34.79,17,26,29,486,4,2
8476434,2024,John Gibson,ANA,G,5on5,29,78066,59.81,48,1397,46.06,72,180.39,169,713.1,652,21.59,1,386.53,306,286.15,386,57.81,755,163,65,21.76,20.02,18.03,15,19,14,414,4,2
8476434,2024,John Gibson,ANA,G,4on5,29,6527,14.46,15,167,7.97,9,18.79,18,93.41,82,0.97,0,53.71,42,29.16,43,13.8,84,24,19,2.44,2.88,9.14,1,4,10,40,0,0
8476434,2024,John Gibson,ANA,G,5on4,29,6668,1.58,2,19,0.74,0,2.33,4,14.24,17,3.44,2,4.38,1,9.5,12,1.57,13,4,2,0.46,0.53,0.59,1,1,0,0,0,0
8470594,2024,Marc-Andre Fleury,MIN,G,other,26,2211,5.13,4,73,3.02,6,7.47,2,38.42,34,0.69,0,24.15,22,12.84,20,4.74,32,16,6,1.38,1.82,1.93,1,2,1,19,0,0
8470594,2024,Marc-Andre Fleury,MIN,G,all,26,83416,59.92,68,1351,45.84,60,169.5,106,698.49,670,22.68,0,388.42,325,278.23,406,57.43,736,178,51,20.66,21.84,17.42,25,29,14,386,2,1
8470594,2024,Marc-Andre Fleury,MIN,G,5on5,26,70292,42.26,48,1125,35.84,44,144.17,95,571.33,551,18.54,0,317.43,265,233.35,340,40.77,628,134,30,17.07,16.77,8.42,21,23,4,333,2,1
8470594,2024,Marc-Andre Fleury,MIN,G,4on5,26,4944,11.26,15,123,5.99,10,14.94,9,71.27,66,0.27,0,39.95,32,20.71,29,10.65,57,25,13,1.74,2.94,6.58,3,3,9,28,0,0
8470594,2024,Marc-Andre Fleury,MIN,G,5on4,26,5969,0.96,1,22,0.62,0,2.11,0,12.92,14,3.11,0,4.22,3,9.63,14,0.95,15,1,2,0.37,0.1,0.49,0,1,0,4,0,0
8476412,2024,Jordan Binnington,STL,G,other,56,4316,11.5,13,138,5.46,8,13.6,7,76.77,61,1.24,0,43.47,35,25.48,39,9.24,57,31,14,2.51,3.65,5.35,4,7,2,36,0,0
8476412,2024,Jordan Binnington,STL,G,all,56,194339,150.25,145,3105,106.51,170,389.26,309,1593.57,1457,50.12,1,863.61,690,624.59,873,140.54,1630,381,177,45.29,46.99,57.97,53,51,41,917,6,3
8476412,2024,Jordan Binnington,STL,G,5on5,56,165286,105.17,100,2541,80.83,131,325.93,262,1275.58,1160,41.48,0,690.28,545,512.72,719,101.55,1351,290,117,37.27,36.1,31.8,46,39,15,783,4,2
8476412,2024,Jordan Binnington,STL,G,4on5,56,13295,30.47,30,371,18.2,30,43.61,37,204.61,195,0.84,0,117.27,101,62.38,81,26.67,186,51,42,4.5,6.11,19.85,3,5,22,92,0,0
8476412,2024,Jordan Binnington,STL,G,5on4,56,11442,1.97,1,44,1.38,1,4.67,3,28.27,32,6.41,1,9.39,5,20.69,29,1.95,33,4,2,0.94,0.55,0.47,0,0,1,5,2,1
8481020,2024,Justus Annunen,NSH,G,other,34,3650,7.77,7,106,4.54,6,11.78,13,56.38,47,1.38,1,32.78,29,17.08,21,6.96,39,29,8,1.52,3.55,2.71,1,5,1,30,0,0
8481020,2024,Justus Annunen,NSH,G,all,34,107389,85.9,95,1674,60.6,86,211.31,188,888.51,814,30.69,3,483.8,376,345.91,472,81.5,874,256,87,26.48,31.63,27.79,45,34,16,457,0,0
8481020,2024,Justus Annunen,NSH,G,5on5,34,88663,60.5,67,1375,46.31,71,176.69,147,713.68,652,24.24,2,387.68,305,286.17,391,57.88,740,185,56,21.74,22.94,15.81,40,20,7,394,0,0
8481020,2024,Justus Annunen,NSH,G,4on5,34,7329,16.08,19,162,8.79,8,19.87,27,99.44,94,0.46,0,56.83,41,29.26,39,15.12,78,33,23,2.77,4.04,9.27,4,7,8,28,0,0
8481020,2024,Justus Annunen,NSH,G,5on4,34,7747,1.55,2,31,0.96,1,2.97,1,19.01,21,4.61,0,6.5,1,13.39,21,1.54,17,9,0,0.45,1.1,0,0,2,0,5,0,0
8484293,2024,Yaniv Perets,CAR,G,other,1,0,0,0,0,0,0,0,0,0,0,0,0,0,0,0,0,0,0,0,0,0,0,0,0,0,0,0,0,0
8484293,2024,Yaniv Perets,CAR,G,all,1,492,0.97,1,10,0.58,1,1.44,1,6.79,7,0.04,0,3.65,4,2.13,2,0.87,4,3,2,0.09,0.26,0.62,0,1,0,1,0,0
8484293,2024,Yaniv Perets,CAR,G,5on5,1,381,0.26,0,7,0.28,0,1.06,1,4.5,4,0.03,0,2.61,4,1.65,1,0.25,4,2,0,0.09,0.17,0,0,0,0,1,0,0
8484293,2024,Yaniv Perets,CAR,G,4on5,1,111,0.71,1,3,0.3,1,0.38,0,2.29,3,0.02,0,1.04,0,0.48,1,0.61,0,1,2,0,0.09,0.62,0,1,0,0,0,0
8484293,2024,Yaniv Perets,CAR,G,5on4,1,0,0,0,0,0,0,0,0,0,0,0,0,0,0,0,0,0,0,0,0,0,0,0,0,0,0,0,0,0
8480947,2024,Kevin Lankinen,VAN,G,other,51,4440,8.45,11,130,5.54,6,15.37,6,72.25,59,1.26,1,42.32,39,23.77,36,7.99,66,22,10,2.6,2.61,3.25,6,2,3,32,0,0
8480947,2024,Kevin Lankinen,VAN,G,all,51,181187,132.09,132,2928,100.42,142,371.84,268,1509.66,1345,47.36,5,832.28,705,604.72,846,126.28,1583,376,134,42.11,47.58,42.41,62,41,29,835,0,0
8480947,2024,Kevin Lankinen,VAN,G,5on5,51,151027,92.51,98,2353,73.07,104,303.1,216,1182.33,1043,38.57,3,650.13,557,488.1,672,89.21,1285,278,84,32.71,35.9,23.9,52,32,14,706,0,0
8480947,2024,Kevin Lankinen,VAN,G,4on5,51,13698,27.93,18,375,19.37,30,46.63,41,214.89,199,1.26,1,123.88,103,65.61,99,25.9,189,65,37,5.55,7.77,14.6,3,3,12,84,0,0
8480947,2024,Kevin Lankinen,VAN,G,5on4,51,12022,2.31,2,51,1.82,2,4.86,4,30.49,34,5.77,0,11.32,3,22.53,33,2.31,35,6,3,0.89,0.76,0.66,0,2,0,7,0,0
8477424,2024,Juuse Saros,NSH,G,other,58,5400,7.95,11,124,4.56,3,12.67,7,64.15,60,2.4,2,36.54,29,22.2,36,7.83,50,27,9,1.95,3.19,2.81,1,3,7,38,0,0
8477424,2024,Juuse Saros,NSH,G,all,58,201469,159.58,167,3201,115.76,160,412.22,292,1698.28,1593,58.13,5,909.45,694,665.38,1004,152.21,1685,469,165,50.16,57.02,52.4,72,52,43,882,4,2
8477424,2024,Juuse Saros,NSH,G,5on5,58,165978,116.64,130,2636,89.36,132,348.98,244,1384.3,1293,47.1,2,742.32,554,556.1,839,112.55,1424,367,109,42.04,44.99,29.61,67,43,20,736,4,2
8477424,2024,Juuse Saros,NSH,G,4on5,58,16184,31.21,22,378,19.73,25,44.47,39,210.63,198,1.29,1,117.57,100,61.32,94,28.07,176,62,43,5.07,7.26,18.88,3,4,15,97,0,0
8477424,2024,Juuse Saros,NSH,G,5on4,58,13907,2.92,2,54,1.83,0,5.45,2,35.27,38,7.28,0,11.49,9,24.2,34,2.91,33,12,2,0.99,1.43,0.5,0,2,0,7,0,0
8482783,2024,Aleksei Kolosov,PHI,G,other,17,1609,3.81,6,51,2.03,3,5.92,3,29.35,24,0.46,0,14.24,9,13.04,19,3.46,24,13,3,0.98,1.6,1.24,3,1,2,11,0,0
8482783,2024,Aleksei Kolosov,PHI,G,all,17,54115,45.01,54,934,30.38,43,110.06,81,459.45,406,14.31,2,245.42,183,184.71,269,43.03,461,118,52,14.36,14.64,16,20,14,20,303,0,0
8482783,2024,Aleksei Kolosov,PHI,G,5on5,17,46977,32.27,38,785,23.79,35,92.51,71,373.24,325,12.71,1,201.78,144,151.05,225,31.09,390,88,36,11.95,10.75,9.57,17,9,12,271,0,0
8482783,2024,Aleksei Kolosov,PHI,G,4on5,17,2822,8.15,8,87,4.14,5,10.61,6,48.18,46,0.25,0,26.77,29,14.71,18,7.71,40,13,13,1.21,1.74,5.2,0,2,6,21,0,0
8482783,2024,Aleksei Kolosov,PHI,G,5on4,17,2707,0.78,2,11,0.42,0,1.03,1,8.68,11,0.89,1,2.63,1,5.91,7,0.77,7,4,0,0.23,0.55,0,0,2,0,0,0,0
8481544,2024,Mads Sogaard,OTT,G,other,2,145,0.06,0,1,0.04,0,0.15,0,0.71,1,0.09,0,0.33,0,0.4,1,0.06,1,0,0,0.06,0,0,0,0,0,0,0,0
8481544,2024,Mads Sogaard,OTT,G,all,2,5493,6.21,8,86,3.54,7,11.22,5,45.23,40,2.02,0,22.75,15,16.51,27,4.99,38,13,11,1,1.7,3.5,4,3,1,24,2,1
8481544,2024,Mads Sogaard,OTT,G,5on5,2,4415,3.58,6,69,2.44,5,9.14,2,34.72,31,1.54,0,18.58,13,13.87,23,3.36,34,10,5,0.87,1.2,1.51,4,2,0,20,2,1
8481544,2024,Mads Sogaard,OTT,G,4on5,2,401,2.21,2,14,0.91,2,1.72,3,8.54,7,0.08,0,3.25,1,1.62,2,1.22,2,3,5,0.06,0.5,1.65,0,1,1,4,0,0
8481544,2024,Mads Sogaard,OTT,G,5on4,2,532,0.36,0,2,0.15,0,0.21,0,1.25,1,0.32,0,0.59,1,0.63,1,0.36,1,0,1,0.01,0,0.35,0,0,0,0,0,0
8478971,2024,Connor Ingram,UTA,G,other,22,1814,4.73,8,51,1.76,1,5.25,4,25.46,22,0.63,0,12.85,10,8.52,10,4.22,17,10,7,0.76,1.17,2.8,2,2,4,17,0,0
8478971,2024,Connor Ingram,UTA,G,all,22,72607,54.36,66,1181,40.04,57,151.55,113,616.48,558,20.68,0,326.51,294,245.76,308,52.18,618,170,51,17.83,20.33,16.2,29,27,10,342,4,2
8478971,2024,Connor Ingram,UTA,G,5on5,22,60590,40.09,43,934,29.21,41,123.14,90,484.11,440,17.24,0,256.23,238,196.15,249,38.86,501,122,38,14.63,14.68,10.78,23,16,4,273,2,1
8478971,2024,Connor Ingram,UTA,G,4on5,22,5558,7.41,11,163,8.09,14,19.84,19,84.69,74,0.42,0,49.79,39,26.8,32,7.02,82,28,5,1.82,3.24,2.35,3,6,2,48,0,0
8478971,2024,Connor Ingram,UTA,G,5on4,22,4645,1.4,2,23,0.64,1,2.13,0,15.88,18,2.15,0,4.91,4,11.45,14,1.36,15,5,1,0.51,0.63,0.27,1,1,0,2,2,1
8479292,2024,Charlie Lindgren,WSH,G,other,39,4394,10.27,6,133,5.23,7,13.61,20,68.26,55,1.28,0,40.7,35,21.74,26,7.91,52,31,11,2.05,3.88,4.35,2,1,3,39,0,0
8479292,2024,Charlie Lindgren,WSH,G,all,39,137220,103.03,104,2178,73.88,97,267.54,216,1116.87,987,38.78,0,606.63,487,443.84,623,97.5,1126,298,109,31.84,37.6,33.58,32,41,31,645,0,0
8479292,2024,Charlie Lindgren,WSH,G,5on5,39,111575,68.99,77,1667,51.73,65,208.07,154,835.54,741,31.83,0,449.97,367,340.97,480,67.18,877,203,68,23.97,26.11,18.91,27,31,19,519,0,0
8479292,2024,Charlie Lindgren,WSH,G,4on5,39,11000,20.27,18,327,15.23,23,40.6,38,177.27,153,1.1,0,104.67,78,56.89,86,18.96,164,54,26,4.85,6.24,9.19,3,7,8,83,0,0
8479292,2024,Charlie Lindgren,WSH,G,5on4,39,10251,3.49,3,51,1.68,2,5.25,4,35.8,38,4.58,0,11.29,7,24.23,31,3.45,33,10,4,0.98,1.38,1.14,0,2,1,4,0,0
8480193,2024,Daniil Tarasov,CBJ,G,other,20,1340,5.66,6,46,2.13,5,5.42,7,29.31,27,0.14,0,16.01,13,8.65,8,4.3,17,12,10,0.63,1.53,3.5,2,2,2,7,0,0
8480193,2024,Daniil Tarasov,CBJ,G,all,20,66025,60.64,65,1113,40.9,79,144.49,80,599.97,544,18.77,1,328.35,257,227.25,340,57.12,570,186,66,17.21,23.58,19.85,24,30,11,291,0,0
8480193,2024,Daniil Tarasov,CBJ,G,5on5,20,55982,44.62,49,916,30.89,63,119.95,63,478.55,419,15.82,0,259.15,203,185.31,278,43,471,142,43,13.9,17.87,12.85,19,23,7,260,0,0
8480193,2024,Daniil Tarasov,CBJ,G,4on5,20,4322,8.99,8,129,7.19,11,16.89,9,77.42,80,0.54,0,48.08,38,24.09,41,8.46,70,26,12,2.3,3.45,3.25,2,4,2,21,0,0
8480193,2024,Daniil Tarasov,CBJ,G,5on4,20,4381,0.81,2,14,0.45,0,1.3,0,10.05,12,2.07,1,3.14,2,7.03,9,0.81,8,5,0,0.22,0.59,0,1,1,0,1,0,0
8477484,2024,Spencer Martin,CAR,G,other,9,802,2.02,1,15,0.76,2,1.73,3,9.39,7,0.3,0,4.7,5,2.39,1,1.72,2,5,5,0.11,0.55,1.36,0,0,1,3,0,0
8477484,2024,Spencer Martin,CAR,G,all,9,24959,18.46,27,354,14.31,19,47.35,35,200.91,175,7.37,0,110.26,81,78.63,114,17.72,196,57,23,5.5,6.73,6.24,11,7,9,78,0,0
8477484,2024,Spencer Martin,CAR,G,5on5,9,19543,13.86,19,273,10.12,12,38.16,26,155.63,134,5.5,0,85.22,60,61.37,97,13.47,154,45,15,4.49,5.37,4,8,5,6,59,0,0
8477484,2024,Spencer Martin,CAR,G,4on5,9,2103,1.71,5,49,3.08,4,6.22,5,27.88,26,0.09,0,17.6,13,9.34,12,1.69,31,7,1,0.61,0.81,0.29,2,2,1,10,0,0
8477484,2024,Spencer Martin,CAR,G,5on4,9,2511,0.81,2,14,0.3,1,1.12,1,7.26,7,1.44,0,2.37,2,5.14,4,0.79,8,0,2,0.22,0,0.58,1,0,1,4,0,0
8479496,2024,David Rittich,LAK,G,other,34,3109,4.64,8,85,3.46,6,8.9,4,42.12,38,0.84,0,25.9,22,12.51,17,4.45,39,12,6,1.46,1.28,1.9,3,4,1,28,0,0
8479496,2024,David Rittich,LAK,G,all,34,111628,76.62,88,1670,57.3,82,207.86,129,850.07,772,34.37,2,460.61,357,334.76,505,73.76,867,228,71,24.58,28.4,23.64,38,33,17,504,2,1
8479496,2024,David Rittich,LAK,G,5on5,34,94450,57.69,60,1401,45,68,176.76,114,700.39,635,28.87,1,376.62,284,283.21,432,55.62,724,192,47,19.92,23.8,13.97,29,24,7,438,2,1
8479496,2024,David Rittich,LAK,G,4on5,34,7056,13.1,17,155,8.07,8,19.78,10,91.06,81,0.69,1,52.38,47,26.66,41,12.53,84,21,18,2.48,2.87,7.76,3,5,9,32,0,0
8479496,2024,David Rittich,LAK,G,5on4,34,7013,1.11,2,28,0.75,0,2.26,1,15.77,17,3.93,0,5.35,4,12,15,1.1,19,3,0,0.65,0.46,0,2,0,0,6,0,0
8478039,2024,Kaapo Kahkonen,COL,G,other,1,129,0,0,1,0,0,0,0,0,0,0.03,0,0,0,0,0,0,0,0,0,0,0,0,0,0,0,1,0,0
8478039,2024,Kaapo Kahkonen,COL,G,all,1,3496,1.85,4,45,1.51,5,6.2,2,24.1,20,1.21,0,12.76,6,9.81,16,1.79,26,5,2,0.73,0.59,0.53,2,1,1,12,0,0
8478039,2024,Kaapo Kahkonen,COL,G,5on5,1,2559,1.61,4,34,1.15,4,4.98,2,19.52,17,0.89,0,10.47,5,8.1,12,1.55,22,3,2,0.69,0.38,0.53,2,1,1,7,0,0
8478039,2024,Kaapo Kahkonen,COL,G,4on5,1,411,0.04,0,8,0.21,0,0.91,0,2.91,2,0.01,0,1.79,1,0.95,3,0.04,4,0,0,0.04,0,0,0,0,0,4,0,0
8478039,2024,Kaapo Kahkonen,COL,G,5on4,1,397,0.21,0,2,0.14,1,0.31,0,1.67,1,0.28,0,0.5,0,0.76,1,0.2,0,2,0,0,0.21,0,0,0,0,0,0,0
8477480,2024,Eric Comrie,WPG,G,other,20,1628,1.86,1,44,1.32,1,4.16,4,20.05,15,0.66,0,11.3,16,8.7,6,1.83,21,6,1,0.9,0.69,0.27,0,1,0,16,0,0
8477480,2024,Eric Comrie,WPG,G,all,20,70773,49.47,47,1156,39.48,48,150.05,137,600.44,547,20.1,4,332.61,293,240.94,307,47.88,648,137,48,18.2,17.07,14.2,21,16,10,323,0,0
8477480,2024,Eric Comrie,WPG,G,5on5,20,59810,37.3,34,963,31.54,40,128.42,120,496.69,455,16.9,4,274.26,239,201.46,256,36.03,546,109,35,14.81,13.56,8.93,19,11,4,273,0,0
8477480,2024,Eric Comrie,WPG,G,4on5,20,4638,8.96,10,128,5.88,6,15.44,11,69.67,59,0.24,0,42.59,36,21.8,34,8.75,68,19,10,2.05,2.46,4.46,1,3,6,31,0,0
8477480,2024,Eric Comrie,WPG,G,5on4,20,4697,0.97,1,16,0.58,0,1.62,1,11.67,15,2.24,0,3.51,2,7.96,11,0.9,11,3,1,0.33,0.36,0.29,0,1,0,1,0,0
8478024,2024,Ville Husso,ANA,G,other,13,825,0.56,3,19,0.53,0,1.91,1,8.3,8,0.3,0,4.3,3,3.46,4,0.44,10,1,0,0.4,0.17,0,3,0,0,8,0,0
8478024,2024,Ville Husso,ANA,G,all,13,38386,32.08,37,671,23.84,32,90.28,65,361.9,336,10.96,2,198.39,160,143.39,205,31,380,82,38,10.85,10.26,10.98,20,7,10,171,0,0
8478024,2024,Ville Husso,ANA,G,5on5,13,31981,25.19,24,573,19.78,27,80.05,60,312.1,287,9.24,2,171.33,138,125.19,182,24.44,332,72,28,9.17,8.86,7.16,13,7,4,141,0,0
8478024,2024,Ville Husso,ANA,G,4on5,13,2996,5.34,8,69,3.12,5,7.39,4,34.36,32,0.14,0,20.39,18,10.63,13,5.13,33,7,8,1.05,0.98,3.31,2,0,6,21,0,0
8478024,2024,Ville Husso,ANA,G,5on4,13,2584,0.64,1,7,0.3,0,0.52,0,4.65,6,1.25,0,1.51,1,2.91,4,0.64,4,1,1,0.18,0.15,0.3,1,0,0,1,0,0
8475831,2024,Philipp Grubauer,SEA,G,other,26,2134,2.87,0,45,1.5,3,5.22,5,23.95,18,0.7,0,13.33,10,9.25,15,2.66,22,6,5,0.69,0.74,1.44,0,0,0,12,0,0
8475831,2024,Philipp Grubauer,SEA,G,all,26,87629,68.7,85,1507,52.5,65,190.2,148,778.32,681,24.45,2,433.74,374,308.29,407,65.94,817,186,77,22.87,23.48,22.35,34,38,13,427,0,0
8475831,2024,Philipp Grubauer,SEA,G,5on5,26,74276,53.56,74,1270,41.93,54,164.37,121,652.1,572,20.86,2,360.41,306,263.44,350,51.93,699,154,53,19.74,19.4,14.42,33,35,6,364,0,0
8475831,2024,Philipp Grubauer,SEA,G,4on5,26,4946,11.01,11,172,8.47,8,18.87,22,89.59,80,0.5,0,56.33,53,27.27,31,10.08,86,22,17,2.2,2.72,6.08,1,3,7,47,0,0
8475831,2024,Philipp Grubauer,SEA,G,5on4,26,6273,1.27,0,20,0.6,0,1.75,0,12.68,11,2.38,0,3.68,5,8.33,11,1.27,10,4,2,0.23,0.62,0.41,0,0,0,4,0,0
8484910,2024,Victor Ostman,SEA,G,other,1,0,0,0,0,0,0,0,0,0,0,0,0,0,0,0,0,0,0,0,0,0,0,0,0,0,0,0,0,0
8484910,2024,Victor Ostman,SEA,G,all,1,1200,1.44,0,17,0.77,2,2.42,6,10.92,12,0.27,0,5.91,5,4.08,2,1.22,7,7,1,0.24,0.94,0.25,0,0,0,2,0,0
8484910,2024,Victor Ostman,SEA,G,5on5,1,1177,1.44,0,17,0.77,2,2.42,6,10.92,12,0.26,0,5.91,5,4.08,2,1.22,7,7,1,0.24,0.94,0.25,0,0,0,2,0,0
8484910,2024,Victor Ostman,SEA,G,4on5,1,0,0,0,0,0,0,0,0,0,0,0,0,0,0,0,0,0,0,0,0,0,0,0,0,0,0,0,0,0
8484910,2024,Victor Ostman,SEA,G,5on4,1,23,0,0,0,0,0,0,0,0,0,0.01,0,0,0,0,0,0,0,0,0,0,0,0,0,0,0,0,0,0
8480313,2024,Logan Thompson,WSH,G,other,43,4639,11.56,10,154,6.09,7,15.95,14,81.56,73,1.62,1,49.52,45,24.03,33,10.71,68,29,13,2.82,3.74,5.01,2,3,5,44,0,0
8480313,2024,Logan Thompson,WSH,G,all,43,152109,130.96,105,2579,88.05,150,323.7,247,1332.96,1172,44.75,3,712.05,582,513.94,728,122.97,1317,342,155,37.91,42.76,50.3,40,33,32,765,0,0
8480313,2024,Logan Thompson,WSH,G,5on5,43,126854,96.07,73,2075,67.5,122,268.49,199,1060.97,922,35.95,0,557.83,453,418.86,598,90.8,1062,271,112,30.35,34.04,31.67,36,25,12,630,0,0
8480313,2024,Logan Thompson,WSH,G,4on5,43,10787,19.83,19,300,12.97,19,34.2,32,157.48,143,0.99,1,94.03,75,49.75,70,17.99,158,32,26,3.9,3.67,12.27,2,4,13,84,0,0
8480313,2024,Logan Thompson,WSH,G,5on4,43,9829,2.4,2,41,1.09,2,3.94,1,26.57,30,5.92,1,8.11,7,18.64,23,2.38,25,8,2,0.62,1.09,0.68,0,1,1,6,0,0
8482137,2024,Yaroslav Askarov,SJS,G,other,13,725,2.01,3,25,1.08,0,2.49,1,12.24,10,0.31,0,5.77,6,4.04,6,1.91,10,4,2,0.44,0.45,1.12,1,2,0,9,0,0
8482137,2024,Yaroslav Askarov,SJS,G,all,13,43008,38.69,37,755,27.48,44,94.2,56,396.58,357,11.46,0,214.78,190,157.04,218,36.93,405,101,40,11.37,12.67,14.65,15,11,11,209,0,0
8482137,2024,Yaroslav Askarov,SJS,G,5on5,13,36519,28.98,27,622,21.19,34,79.27,49,323.23,296,9.39,0,175.26,154,130.33,181,27.67,335,81,30,9.63,10.27,9.09,14,8,5,176,0,0
8482137,2024,Yaroslav Askarov,SJS,G,4on5,13,2774,7.18,7,95,4.85,10,11.38,6,53.27,41,0.32,0,31.14,29,16.45,21,6.84,51,14,8,1.08,1.64,4.45,0,1,6,22,0,0
8482137,2024,Yaroslav Askarov,SJS,G,5on4,13,2990,0.52,0,13,0.37,0,1.06,0,7.84,10,1.44,0,2.6,1,6.22,10,0.52,9,2,0,0.23,0.3,0,0,0,0,2,0,0
8479406,2024,Filip Gustavsson,MIN,G,other,58,4892,18.39,12,181,7.49,11,18.68,15,101.55,101,1.31,0,56.31,46,29.88,50,15.36,65,40,29,2.77,5.43,10.19,4,5,3,47,0,0
8479406,2024,Filip Gustavsson,MIN,G,all,58,205415,161.32,146,3607,123.58,166,459.1,389,1863.04,1693,55.75,8,1040.38,766,732.39,1108,152.87,1984,421,176,54.94,51.41,54.97,55,49,42,1026,0,0
8479406,2024,Filip Gustavsson,MIN,G,5on5,58,173165,111.94,95,2917,92.79,129,377.89,320,1471.74,1302,46.16,6,815.27,591,594.32,903,107.93,1618,312,113,43.31,37.75,30.89,41,32,22,874,0,0
8479406,2024,Filip Gustavsson,MIN,G,4on5,58,13571,27.72,34,443,21.17,25,55.38,51,245.42,241,0.93,0,153.55,121,77.39,112,26.43,252,61,31,7.35,7.19,13.18,7,10,17,99,0,0
8479406,2024,Filip Gustavsson,MIN,G,5on4,58,13787,2.7,3,57,1.79,0,5.72,3,38.05,43,7.14,2,12.53,7,28.06,39,2.59,43,7,2,1.29,0.93,0.49,1,2,0,5,0,0
8477990,2024,Brandon Halverson,TBL,G,other,1,0,0,0,0,0,0,0,0,0,0,0,0,0,0,0,0,0,0,0,0,0,0,0,0,0,0,0,0,0
8477990,2024,Brandon Halverson,TBL,G,all,1,3477,2.93,5,49,1.62,4,5.65,6,24.23,24,1.04,0,12.61,10,9.35,8,2.76,22,8,3,0.95,1.09,0.88,1,2,2,16,0,0
8477990,2024,Brandon Halverson,TBL,G,5on5,1,3154,2.72,5,44,1.49,4,5.08,5,21.2,20,0.92,0,11.1,9,7.86,6,2.55,19,7,3,0.84,0.99,0.88,1,2,2,15,0,0
8477990,2024,Brandon Halverson,TBL,G,4on5,1,120,0.15,0,3,0.09,0,0.26,1,1.42,2,0,0,0.96,1,0.49,0,0.15,1,1,0,0.06,0.1,0,0,0,0,1,0,0
8477990,2024,Brandon Halverson,TBL,G,5on4,1,203,0.06,0,2,0.04,0,0.31,0,1.61,2,0.12,0,0.55,0,0.99,2,0.06,2,0,0,0.06,0,0,0,0,0,0,0,0
8477831,2024,Pheonix Copley,LAK,G,other,1,0,0,0,0,0,0,0,0,0,0,0,0,0,0,0,0,0,0,0,0,0,0,0,0,0,0,0,0,0
8477831,2024,Pheonix Copley,LAK,G,all,1,1649,1.01,2,16,0.71,1,1.89,1,9.47,12,0.48,0,4.45,5,3.67,3,0.94,7,3,2,0.16,0.34,0.51,1,1,0,4,0,0
8477831,2024,Pheonix Copley,LAK,G,5on5,1,1142,0.24,0,9,0.26,0,0.98,1,4.53,6,0.35,0,2.51,4,1.87,1,0.24,5,1,0,0.13,0.12,0,0,0,0,3,0,0
8477831,2024,Pheonix Copley,LAK,G,4on5,1,147,0.64,2,5,0.38,1,0.73,0,3.43,4,0,0,1.46,1,0.69,0,0.57,1,1,2,0.03,0.1,0.51,1,1,0,1,0,0
8477831,2024,Pheonix Copley,LAK,G,5on4,1,360,0.13,0,2,0.06,0,0.18,0,1.5,2,0.13,0,0.48,0,1.11,2,0.13,1,1,0,0.01,0.12,0,0,0,0,0,0,0
8476914,2024,Joonas Korpisalo,BOS,G,other,27,1957,6.12,3,69,3.25,5,7.88,7,39.75,36,1.06,0,23.04,22,13.16,18,5.35,34,10,11,1.16,1.25,3.7,1,1,1,14,0,0
8476914,2024,Joonas Korpisalo,BOS,G,all,27,91782,72.35,74,1506,53.09,88,194.84,152,784.67,693,24.89,2,423.34,328,305.5,431,69.38,806,189,81,22.27,24.39,25.68,31,26,17,430,0,0
8476914,2024,Joonas Korpisalo,BOS,G,5on5,27,76424,50.38,50,1222,39.37,67,162.7,124,622.76,544,18.98,2,337.49,267,246.8,347,48.55,664,144,50,18.09,18.67,13.62,24,18,8,364,0,0
8476914,2024,Joonas Korpisalo,BOS,G,4on5,27,7297,14.34,14,183,9.48,16,20.54,19,98.87,86,0.74,0,55.19,37,29.16,46,13.97,83,30,19,2.27,3.94,8.13,2,4,8,51,0,0
8476914,2024,Joonas Korpisalo,BOS,G,5on4,27,6104,1.41,6,31,0.95,0,3.59,2,22.5,26,4,0,7.32,2,15.98,20,1.4,25,4,1,0.74,0.43,0.24,4,2,0,1,0,0
8481529,2024,Trent Miner,COL,G,other,2,15,0.03,0,1,0.07,0,0.12,0,0.61,0,0,0,0.57,0,0.2,1,0.03,1,0,0,0.03,0,0,0,0,0,0,0,0
8481529,2024,Trent Miner,COL,G,all,2,5498,2.35,4,74,2.29,3,9.06,8,33.96,33,1.58,0,19.64,11,14.41,23,2.33,42,5,2,1.25,0.49,0.61,2,1,1,25,0,0
8481529,2024,Trent Miner,COL,G,5on5,2,5123,2.24,4,71,2.14,3,8.66,8,32,33,1.47,0,18.37,11,13.41,20,2.21,39,5,2,1.14,0.49,0.61,2,1,1,25,0,0
8481529,2024,Trent Miner,COL,G,4on5,2,120,0.03,0,1,0.05,0,0.2,0,0.67,0,0,0,0.47,0,0.23,1,0.03,1,0,0,0.03,0,0,0,0,0,0,0,0
8481529,2024,Trent Miner,COL,G,5on4,2,240,0.06,0,1,0.04,0,0.09,0,0.68,0,0.1,0,0.23,0,0.57,1,0.06,1,0,0,0.06,0,0,0,0,0,0,0,0
8475883,2024,Frederik Andersen,CAR,G,other,22,1843,4.08,3,50,2.3,1,5.06,0,26.42,25,0.57,1,16.48,16,7.08,16,3.84,21,8,7,0.95,1.21,1.92,1,0,2,14,0,0
8475883,2024,Frederik Andersen,CAR,G,all,22,79171,63.95,55,1075,42.11,74,138.86,82,601.19,546,27.79,5,315.88,261,229.25,337,60,553,178,79,16.95,22.59,24.41,23,17,15,265,0,0
8475883,2024,Frederik Andersen,CAR,G,5on5,22,64147,44.63,41,838,31.01,56,110.88,64,463.3,420,22.38,4,240.44,191,180.8,270,42.25,440,130,53,12.95,16.62,15.06,19,14,8,215,0,0
8475883,2024,Frederik Andersen,CAR,G,4on5,22,6875,13.05,9,156,7.93,15,19.68,16,90.73,78,0.67,0,52.39,49,27.84,35,11.73,73,34,17,2.46,4.05,6.54,3,2,4,32,0,0
8475883,2024,Frederik Andersen,CAR,G,5on4,22,6306,2.04,2,28,0.76,2,2.96,2,19.2,21,4.1,0,5.87,3,12.82,16,2.03,18,5,2,0.55,0.62,0.88,0,1,1,3,0,0
8476899,2024,Matt Murray,TOR,G,other,2,367,0.16,1,6,0.17,0,0.53,0,2.87,3,0.09,0,1.7,1,1.36,2,0.16,4,0,0,0.16,0,0,1,0,0,2,0,0
8476899,2024,Matt Murray,TOR,G,all,2,7119,4.42,7,122,3.84,3,15.95,15,61.54,58,2.17,0,35.97,25,25.72,38,4.36,75,11,2,2.16,1.29,0.97,5,1,1,34,0,0
8476899,2024,Matt Murray,TOR,G,5on5,2,5862,3.42,5,101,3.15,3,14.06,11,51.68,46,1.86,0,29.7,22,21.87,33,3.38,62,11,1,1.82,1.29,0.32,4,1,0,27,0,0
8476899,2024,Matt Murray,TOR,G,4on5,2,319,0.83,1,13,0.51,0,1.23,4,6.23,8,0.02,0,4.31,2,1.92,2,0.81,8,0,1,0.17,0,0.66,0,0,1,4,0,0
8476899,2024,Matt Murray,TOR,G,5on4,2,571,0.01,0,2,0.02,0,0.13,0,0.75,1,0.21,0,0.25,0,0.58,1,0.01,1,0,0,0.01,0,0,0,0,0,1,0,0
8482657,2024,Sebastian Cossa,DET,G,other,1,120,0.08,0,1,0.06,0,0.13,0,0.87,0,0.15,0,0.36,0,0.35,1,0.08,1,0,0,0.08,0,0,0,0,0,0,0,0
8482657,2024,Sebastian Cossa,DET,G,all,1,2700,1.67,2,34,1.12,1,3.75,2,16.7,14,0.77,0,9.02,4,6.88,14,1.63,17,5,1,0.78,0.59,0.31,1,0,1,11,0,0
8482657,2024,Sebastian Cossa,DET,G,5on5,1,2167,1.3,2,27,0.87,1,3.03,2,12.93,12,0.51,0,7.15,4,5.2,9,1.27,14,3,1,0.6,0.39,0.31,1,0,1,9,0,0
8482657,2024,Sebastian Cossa,DET,G,4on5,1,240,0.28,0,5,0.15,0,0.39,0,2.11,1,0.02,0,1.25,0,0.86,3,0.28,1,2,0,0.08,0.2,0,0,0,0,2,0,0
8482657,2024,Sebastian Cossa,DET,G,5on4,1,173,0.02,0,1,0.03,0,0.19,0,0.79,1,0.09,0,0.26,0,0.48,1,0.01,1,0,0,0.02,0,0,0,0,0,0,0,0
8477405,2024,Marcus Hogberg,NYI,G,other,15,582,1.46,4,30,0.94,0,2.56,2,14.47,12,0.29,0,9.17,8,5.39,6,1.39,10,10,0,0.37,1.09,0,1,3,0,10,0,0
8477405,2024,Marcus Hogberg,NYI,G,all,15,43693,35.23,41,725,25.94,42,93.04,61,381.24,335,13.62,0,204.83,177,147.18,196,33.27,373,106,40,10.6,13.08,11.55,23,15,3,206,0,0
8477405,2024,Marcus Hogberg,NYI,G,5on5,15,37953,27.86,30,613,20.79,34,80.44,51,319.63,278,11.69,0,170.67,148,125.44,171,26.78,321,83,32,8.81,10.31,8.74,17,11,2,177,0,0
8477405,2024,Marcus Hogberg,NYI,G,4on5,15,2078,5.72,6,72,3.94,8,8.93,8,41.42,37,0.21,0,22.85,19,12.25,14,4.91,34,13,8,1.23,1.68,2.81,4,1,1,17,0,0
8477405,2024,Marcus Hogberg,NYI,G,5on4,15,3080,0.19,1,10,0.26,0,1.11,0,5.72,8,1.43,0,2.14,2,4.1,5,0.19,8,0,0,0.19,0,0,1,0,0,2,0,0
8482123,2024,Drew Commesso,CHI,G,other,2,0,0,0,0,0,0,0,0,0,0,0,0,0,0,0,0,0,0,0,0,0,0,0,0,0,0,0,0,0
8482123,2024,Drew Commesso,CHI,G,all,2,4281,3.84,4,73,2.66,5,7.99,4,35.68,26,1.04,0,18.59,19,12.73,15,3.55,35,6,6,1.28,0.89,1.67,1,2,1,26,0,0
8482123,2024,Drew Commesso,CHI,G,5on5,2,3441,2.79,4,57,2,3,6.56,4,29.28,19,0.94,0,15.55,14,11.2,14,2.7,29,6,4,0.93,0.89,0.96,1,2,1,18,0,0
8482123,2024,Drew Commesso,CHI,G,4on5,2,480,1.06,0,16,0.66,2,1.42,0,6.39,7,0.03,0,3.04,5,1.53,1,0.86,6,0,2,0.35,0,0.71,0,0,0,8,0,0
8482123,2024,Drew Commesso,CHI,G,5on4,2,360,0,0,0,0,0,0,0,0,0,0.07,0,0,0,0,0,0,0,0,0,0,0,0,0,0,0,0,0,0
8482668,2024,Tristan Lennox,NYI,G,other,1,0,0,0,0,0,0,0,0,0,0,0,0,0,0,0,0,0,0,0,0,0,0,0,0,0,0,0,0,0
8482668,2024,Tristan Lennox,NYI,G,all,1,283,0.06,1,3,0.06,0,0.24,0,1.5,2,0.2,0,0.67,0,0.93,1,0.06,2,0,0,0.06,0,0,1,0,0,1,0,0
8482668,2024,Tristan Lennox,NYI,G,5on5,1,283,0.06,1,3,0.06,0,0.24,0,1.5,2,0.2,0,0.67,0,0.93,1,0.06,2,0,0,0.06,0,0,1,0,0,1,0,0
8482668,2024,Tristan Lennox,NYI,G,4on5,1,0,0,0,0,0,0,0,0,0,0,0,0,0,0,0,0,0,0,0,0,0,0,0,0,0,0,0,0,0
8482668,2024,Tristan Lennox,NYI,G,5on4,1,0,0,0,0,0,0,0,0,0,0,0,0,0,0,0,0,0,0,0,0,0,0,0,0,0,0,0,0,0
8480051,2024,Cayden Primeau,MTL,G,other,11,1194,2.56,3,36,1.21,0,2.61,4,15.42,16,0.48,0,9.3,8,4.84,5,2.5,10,9,2,0.44,1.22,0.91,0,2,1,15,0,0
8480051,2024,Cayden Primeau,MTL,G,all,11,31422,31.53,41,557,20.4,34,68.04,58,289.39,250,7.83,0,155.31,119,107.12,139,29.98,267,88,37,9.05,10.95,11.52,22,14,5,165,2,1
8480051,2024,Cayden Primeau,MTL,G,5on5,11,24401,20.95,33,419,14.69,27,53.45,41,218.9,187,6.15,0,116.73,84,83.89,112,20.23,216,57,24,7.04,7.25,6.66,18,11,4,122,2,1
8480051,2024,Cayden Primeau,MTL,G,4on5,11,3160,6.9,4,92,4,6,10.94,13,47.72,39,0.26,0,26.81,23,13.77,18,6.14,35,20,9,1.37,2.3,3.23,3,1,0,28,0,0
8480051,2024,Cayden Primeau,MTL,G,5on4,11,2667,1.12,1,10,0.49,1,1.04,0,7.35,8,0.94,0,2.46,4,4.62,4,1.11,6,2,2,0.2,0.18,0.73,1,0,0,0,0,0
8481035,2024,Samuel Ersson,PHI,G,other,47,3905,11.25,9,125,4.33,12,12.01,7,61.38,53,0.92,0,31.79,29,18.52,23,9.64,37,27,16,1.56,3.43,6.27,3,4,2,45,0,0
8481035,2024,Samuel Ersson,PHI,G,all,47,156107,116.12,136,2606,83.6,123,309.97,193,1286.7,1162,42.61,2,690.31,583,516.34,719,110.84,1331,314,114,38.21,39.12,38.78,61,50,25,847,2,1
8481035,2024,Samuel Ersson,PHI,G,5on5,47,129428,78.48,98,2082,62.95,84,255.11,163,1009.39,908,34.84,2,544.66,449,410.33,586,75.86,1085,236,64,30.87,29.68,17.92,52,38,8,697,2,1
8481035,2024,Samuel Ersson,PHI,G,4on5,47,10957,21.08,20,304,13.01,24,32.83,15,154.91,133,0.98,0,90.05,86,47.16,64,20.13,147,30,32,3.76,3.54,13.77,3,2,15,95,0,0
8481035,2024,Samuel Ersson,PHI,G,5on4,47,11817,4.01,7,66,2.23,2,6.31,5,43.53,52,5.3,0,14.79,12,32.05,35,3.91,45,14,2,1.38,1.81,0.82,2,5,0,5,0,0
8476341,2024,Anton Forsberg,OTT,G,other,30,3157,5.35,5,62,2.38,3,7.25,8,34.23,33,1.1,0,19.02,13,10.85,17,5.13,27,13,6,1.1,1.64,2.61,1,4,0,16,0,0
8476341,2024,Anton Forsberg,OTT,G,all,30,100592,78.23,76,1639,54.55,76,201.7,150,835.68,768,27.35,1,453.27,334,328.84,506,75.15,852,198,94,23.74,25.04,29.45,22,32,22,495,0,0
8476341,2024,Anton Forsberg,OTT,G,5on5,30,81973,54,52,1345,41.49,62,169.63,122,671.39,615,22.15,1,366.62,267,271.91,422,52.26,719,148,59,19.82,18.85,15.34,18,24,10,419,0,0
8476341,2024,Anton Forsberg,OTT,G,4on5,30,7355,16.93,16,199,9.64,11,21.99,17,109.86,97,0.61,0,61.23,51,32.85,50,15.84,89,29,28,2.21,3.43,11.3,1,3,12,53,0,0
8476341,2024,Anton Forsberg,OTT,G,5on4,30,8107,1.53,1,28,0.88,0,2.16,2,17.07,19,3.47,0,5.14,2,11.83,17,1.52,15,6,1,0.51,0.81,0.21,1,0,0,6,0,0
8473575,2024,Semyon Varlamov,NYI,G,other,10,471,0.78,1,18,0.87,0,2,3,9.89,10,0.08,0,7.17,5,2.84,5,0.7,11,3,0,0.47,0.31,0,1,0,0,4,0,0
8473575,2024,Semyon Varlamov,NYI,G,all,10,36144,28.34,29,568,18.7,26,68.66,37,290.18,262,9.89,1,155.52,140,117.33,166,27.06,289,79,30,8.48,9.92,9.94,14,7,8,170,0,0
8473575,2024,Semyon Varlamov,NYI,G,5on5,10,30592,21.64,19,484,14.97,25,59.15,31,240.01,212,8.17,0,128,120,98.28,135,20.51,245,61,24,6.71,7.7,7.22,12,3,4,154,0,0
8473575,2024,Semyon Varlamov,NYI,G,4on5,10,1526,4.21,8,44,2.04,1,5.17,3,25.68,24,0.23,0,15.17,10,7.66,13,4.13,20,11,4,0.69,1.25,2.27,1,3,4,9,0,0
8473575,2024,Semyon Varlamov,NYI,G,5on4,10,3555,0.63,0,10,0.3,0,0.91,0,6.66,8,1.17,0,2.12,2,4.85,7,0.63,7,2,0,0.27,0.36,0,0,0,0,1,0,0
8482487,2024,Jakub Dobes,MTL,G,other,16,1545,2.58,3,35,1.37,4,3.86,3,18.53,17,0.44,0,10.14,6,6.34,9,2.39,12,10,3,0.37,1.22,0.99,0,3,0,10,0,0
8482487,2024,Jakub Dobes,MTL,G,all,16,52487,49.03,40,957,33.25,59,120.61,102,491.64,440,13.7,1,264.57,190,188.7,279,45.56,481,141,51,14.42,18.03,16.58,14,20,6,284,0,0
8482487,2024,Jakub Dobes,MTL,G,5on5,16,43954,32.9,29,763,24.69,44,100.17,85,387.31,340,11.3,0,209.15,137,153.76,237,31.62,410,92,32,11.93,11.79,9.17,14,11,4,229,0,0
8482487,2024,Jakub Dobes,MTL,G,4on5,16,3650,11.81,7,133,6.37,10,14,13,70.54,67,0.23,0,39.14,42,19.44,21,9.9,47,32,14,1.85,4.09,5.87,0,5,2,40,0,0
8482487,2024,Jakub Dobes,MTL,G,5on4,16,3338,1.14,0,18,0.56,1,1.83,1,10.7,10,1.55,0,3.88,1,7.21,11,1.11,10,3,2,0.15,0.44,0.55,0,0,0,3,0,0
8483532,2024,Clay Stevenson,WSH,G,other,1,0,0,0,0,0,0,0,0,0,0,0,0,0,0,0,0,0,0,0,0,0,0,0,0,0,0,0,0,0
8483532,2024,Clay Stevenson,WSH,G,all,1,3600,3.77,5,74,2.43,4,8.58,9,37.26,38,0.78,0,19.93,14,15.04,19,3.63,35,12,4,1.01,1.41,1.35,1,4,0,23,0,0
8483532,2024,Clay Stevenson,WSH,G,5on5,1,3243,2.76,3,65,2.01,3,7.65,8,32.6,33,0.7,0,17.79,13,13.7,18,2.71,34,8,3,0.94,0.92,0.91,1,2,0,20,0,0
8483532,2024,Clay Stevenson,WSH,G,4on5,1,172,0.88,1,8,0.37,1,0.85,1,3.92,4,0.02,0,1.92,1,0.84,1,0.79,1,3,1,0.08,0.36,0.44,0,1,0,3,0,0
8483532,2024,Clay Stevenson,WSH,G,5on4,1,185,0.14,1,1,0.05,0,0.07,0,0.74,1,0.06,0,0.22,0,0.5,0,0.14,0,1,0,0,0.14,0,0,1,0,0,0,0
8482446,2024,Joel Blomqvist,PIT,G,other,15,756,1.96,3,23,1.3,2,2.66,0,11.94,12,0.13,0,7.36,7,2.15,4,1.55,7,6,3,0.22,0.73,1,1,1,1,7,0,0
8482446,2024,Joel Blomqvist,PIT,G,all,15,46347,44.33,49,806,29.07,42,104.76,86,434.56,425,14.3,4,230.29,187,169.19,228,42.26,403,138,51,11.24,17.34,15.75,19,22,8,214,0,0
8482446,2024,Joel Blomqvist,PIT,G,5on5,15,38973,31.18,38,635,22.19,34,87.82,75,349.11,340,11.86,4,183.13,142,138.29,185,29.97,339,104,31,9.33,13.46,8.39,16,20,2,161,0,0
8482446,2024,Joel Blomqvist,PIT,G,4on5,15,3368,9.67,7,123,4.59,5,11.68,11,57.85,59,0.35,0,34.05,36,18.18,21,9.22,42,23,15,1.25,2.56,5.87,1,1,5,43,0,0
8482446,2024,Joel Blomqvist,PIT,G,5on4,15,3250,1.38,0,21,0.87,1,2.16,0,13.46,12,1.94,0,4.73,1,9.35,17,1.38,13,4,2,0.4,0.51,0.48,0,0,0,2,0,0
8480382,2024,Alexandar Georgiev,SJS,G,other,49,3767,13.39,10,158,6.6,17,18.36,10,86.83,83,1.11,0,45.95,48,27.49,29,11.28,58,39,18,2.49,4.61,6.29,3,3,4,43,0,0
8480382,2024,Alexandar Georgiev,SJS,G,all,49,160308,147.05,165,2748,98.99,180,345.48,271,1418.66,1317,43.98,4,755.31,581,539.08,735,137.69,1372,382,180,40.48,47.86,58.71,59,59,47,814,0,0
8480382,2024,Alexandar Georgiev,SJS,G,5on5,49,134840,99.84,112,2192,72.4,120,275.48,225,1096.86,1009,36.29,3,589.02,440,431.51,607,95.33,1109,287,109,31.67,36.53,31.64,47,43,22,687,0,0
8480382,2024,Alexandar Georgiev,SJS,G,4on5,49,11064,30.41,35,343,18.05,42,45.71,31,199.21,190,0.8,0,107.63,86,57.29,72,27.71,174,43,49,5.41,5.31,19.69,7,8,20,77,0,0
8480382,2024,Alexandar Georgiev,SJS,G,5on4,49,10637,2.82,7,45,1.59,1,4.74,3,29.76,29,5.51,1,9.39,4,20.43,25,2.79,27,9,4,0.74,0.99,1.09,2,4,1,5,0,0
8471734,2024,Jonathan Quick,NYR,G,other,24,2159,2.82,3,46,1.73,0,5.15,5,23.76,19,0.47,1,13.4,9,8.12,15,2.72,15,17,0,0.55,2.27,0,0,3,0,14,0,0
8471734,2024,Jonathan Quick,NYR,G,all,24,79541,64.62,70,1313,47.58,76,176.64,93,715.26,657,23.43,3,384.15,316,279.99,420,62.48,713,202,62,20.7,24.84,19.09,30,27,13,336,2,1
8471734,2024,Jonathan Quick,NYR,G,5on5,24,67791,48.78,52,1125,38.72,64,154.76,83,604.81,555,19.28,2,325.36,264,240.84,364,47.22,630,153,46,17.95,18.53,12.31,27,21,4,296,2,1
8471734,2024,Jonathan Quick,NYR,G,4on5,24,4490,11.03,11,117,6.45,11,14.21,5,70.28,67,0.72,0,40.44,37,20.62,31,10.56,54,28,13,1.78,3.54,5.71,1,3,7,22,0,0
8471734,2024,Jonathan Quick,NYR,G,5on4,24,5101,1.06,2,20,0.53,1,1.95,0,13.07,13,2.88,0,3.85,4,9.24,10,1.06,12,4,1,0.32,0.49,0.25,2,0,0,3,0,0
8480819,2024,Jakub Skarek,NYI,G,other,2,126,0.17,0,2,0.08,1,0.39,1,1.42,2,0,0,0.65,0,0.66,0,0.16,1,1,0,0.03,0.14,0,0,0,0,0,0,0
8480819,2024,Jakub Skarek,NYI,G,all,2,4569,2.61,5,73,2.45,5,8.73,8,35.26,39,1.7,0,21.05,14,14.87,19,2.57,38,13,0,1.17,1.44,0,2,3,0,22,0,0
8480819,2024,Jakub Skarek,NYI,G,5on5,2,3927,2.06,4,63,2.06,4,7.46,5,29.84,31,1.56,0,17.67,14,12.66,16,2.04,33,10,0,0.96,1.1,0,1,3,0,20,0,0
8480819,2024,Jakub Skarek,NYI,G,4on5,2,132,0.3,1,7,0.28,0,0.79,2,3.22,5,0.01,0,2.51,0,0.98,2,0.29,4,1,0,0.18,0.12,0,1,0,0,2,0,0
8480819,2024,Jakub Skarek,NYI,G,5on4,2,384,0.08,0,1,0.03,0,0.09,0,0.78,1,0.12,0,0.22,0,0.57,1,0.08,0,1,0,0,0.08,0,0,0,0,0,0,0
8484312,2024,Georgi Romanov,SJS,G,other,8,476,0.21,0,4,0.15,0,0.33,0,2.05,0,0.26,0,1.5,1,0.75,2,0.21,2,1,0,0.1,0.11,0,0,0,0,1,0,0
8484312,2024,Georgi Romanov,SJS,G,all,8,25016,21.53,27,468,16.28,22,59.78,48,241.22,219,5.97,2,132.82,101,93.59,133,20.82,247,64,21,7.08,8.12,6.32,10,11,6,136,0,0
8484312,2024,Georgi Romanov,SJS,G,5on5,8,20714,15.39,21,381,12.02,15,49.72,46,193.33,177,5.01,2,105.23,77,77.34,106,15.06,205,48,13,5.65,6.14,3.6,9,9,3,115,0,0
8484312,2024,Georgi Romanov,SJS,G,4on5,8,2320,5.66,6,77,3.91,7,9.18,2,42.42,39,0.13,0,24.7,21,13.03,22,5.29,36,14,8,1.2,1.74,2.72,1,2,3,19,0,0
8484312,2024,Georgi Romanov,SJS,G,5on4,8,1506,0.26,0,6,0.2,0,0.54,0,3.42,3,0.57,0,1.4,2,2.47,3,0.26,4,1,0,0.14,0.13,0,0,0,0,1,0,0
8482661,2024,Jesper Wallstedt,MIN,G,other,2,141,0.14,0,2,0.1,0,0.31,0,1.41,1,0.02,0,0.69,0,0.72,2,0.14,1,1,0,0.03,0.12,0,0,0,0,0,0,0
8482661,2024,Jesper Wallstedt,MIN,G,all,2,7046,5.3,8,114,3.62,5,13.88,10,56.98,51,1.6,0,31.32,29,23.06,27,5.11,57,17,5,1.49,2.18,1.63,2,4,2,35,2,1
8482661,2024,Jesper Wallstedt,MIN,G,5on5,2,6087,4.04,5,104,2.99,5,12.64,9,49.8,44,1.22,0,27.39,27,20.35,23,3.88,54,11,4,1.4,1.41,1.23,1,3,1,35,2,1
8482661,2024,Jesper Wallstedt,MIN,G,4on5,2,338,1.09,3,7,0.51,0,0.8,1,5.03,6,0.04,0,3.02,1,1.42,2,1.06,1,5,1,0.04,0.65,0.4,1,1,1,0,0,0
8482661,2024,Jesper Wallstedt,MIN,G,5on4,2,480,0.03,0,1,0.03,0,0.12,0,0.73,0,0.32,0,0.22,1,0.58,0,0.03,1,0,0,0.03,0,0,0,0,0,0,0,0
8484268,2024,Nikita Tolopilo,VAN,G,other,2,7,0.02,0,2,0.04,0,0.14,0,0.65,1,0.26,0,0.33,0,0.45,1,0.02,1,0,0,0.02,0,0,0,0,0,1,0,0
8484268,2024,Nikita Tolopilo,VAN,G,all,2,5019,2.03,3,59,2.26,2,8.36,7,34.72,24,1.95,0,19.05,18,15.13,18,2.02,42,5,1,0.99,0.57,0.46,2,0,1,11,0,0
8484268,2024,Nikita Tolopilo,VAN,G,5on5,2,3871,1.34,2,42,1.44,0,6.06,5,25.11,16,1.05,0,14.45,14,10.91,14,1.34,30,5,0,0.77,0.57,0,2,0,0,7,0,0
8484268,2024,Nikita Tolopilo,VAN,G,4on5,2,421,0.58,1,12,0.71,2,1.78,2,6.53,5,0.09,0,3.53,4,2.12,0,0.57,8,0,1,0.12,0,0.46,0,0,1,3,0,0
8484268,2024,Nikita Tolopilo,VAN,G,5on4,2,720,0.09,0,3,0.06,0,0.38,0,2.44,2,0.54,0,0.74,0,1.65,3,0.09,3,0,0,0.09,0,0,0,0,0,0,0,0
8477465,2024,Tristan Jarry,PIT,G,other,36,2317,7.83,6,108,3.99,7,10.63,7,53.89,43,0.84,0,31.06,23,17.66,30,6.69,50,12,11,2.07,1.54,4.22,1,2,3,35,0,0
8477465,2024,Tristan Jarry,PIT,G,all,36,121194,100.33,105,2010,72.26,106,254.69,196,1060.38,972,34.15,1,581.65,458,423.09,600,95.33,1106,254,108,32.6,32.06,35.68,37,39,29,542,2,1
8477465,2024,Tristan Jarry,PIT,G,5on5,36,101954,73.07,77,1620,55.81,85,212.24,161,852.8,771,27.92,1,463.98,364,344.03,488,69.86,901,203,74,26.06,25.91,21.11,32,32,13,442,2,1
8477465,2024,Tristan Jarry,PIT,G,4on5,36,8153,17.41,18,234,10.81,11,26.65,24,123.84,123,0.4,0,75.61,66,39.32,55,16.76,118,34,22,3.35,3.96,10.09,1,4,13,60,0,0
8477465,2024,Tristan Jarry,PIT,G,5on4,36,8770,1.83,2,42,1.47,3,4.58,4,27.4,33,4.96,0,9.64,5,20.5,25,1.82,33,5,1,0.93,0.65,0.25,1,1,0,3,0,0
8481033,2024,Akira Schmid,VGK,G,other,5,159,0.27,0,6,0.17,0,0.57,3,2.99,4,0.09,0,1.49,1,1.41,0,0.27,2,2,0,0.1,0.16,0,0,0,0,2,0,0
8481033,2024,Akira Schmid,VGK,G,all,5,14286,7.36,5,213,7.15,11,28.34,30,108.63,90,4.3,1,60.81,53,43.75,52,7.22,125,22,4,3.48,2.84,1.04,2,0,3,62,0,0
8481033,2024,Akira Schmid,VGK,G,5on5,5,11706,5.78,4,173,5.5,10,24.26,23,89.18,73,3.21,1,50.27,42,36.19,46,5.68,105,17,3,2.75,2.24,0.79,2,0,2,48,0,0
8481033,2024,Akira Schmid,VGK,G,4on5,5,1299,1.2,1,30,1.39,1,3.19,3,14.25,11,0.21,0,8.32,9,4.47,5,1.16,15,3,1,0.51,0.44,0.25,0,0,1,11,0,0
8481033,2024,Akira Schmid,VGK,G,5on4,5,1122,0.12,0,4,0.09,0,0.32,1,2.21,2,0.69,0,0.73,1,1.68,1,0.12,3,0,0,0.12,0,0,0,0,0,1,0,0
8477970,2024,Vitek Vanecek,FLA,G,other,25,2448,6.67,10,72,3.09,7,8.11,4,38.04,39,0.71,0,18.83,15,11.93,14,5.87,26,15,9,1.07,1.97,3.63,2,4,4,22,0,0
8477970,2024,Vitek Vanecek,FLA,G,all,25,83618,75.47,84,1483,54.46,87,186.83,128,784.75,724,22.68,0,431.1,346,310.54,438,71.46,798,199,88,22.96,24.46,28.06,30,34,20,398,0,0
8477970,2024,Vitek Vanecek,FLA,G,5on5,25,66259,51.96,55,1157,40.59,72,152.06,108,612.17,558,18.34,0,337.34,269,248.21,345,49.6,651,146,54,18.76,18.23,14.98,25,24,6,306,0,0
8477970,2024,Vitek Vanecek,FLA,G,4on5,25,8418,14.6,16,217,9.69,8,23.14,12,111.46,104,0.58,0,67.43,56,35.44,62,13.77,101,32,21,2.6,3.61,8.39,2,5,9,63,0,0
8477970,2024,Vitek Vanecek,FLA,G,5on4,25,6493,1.64,3,28,0.77,0,2.55,3,18.3,20,2.82,0,5.47,3,13.05,15,1.63,18,3,3,0.45,0.34,0.84,1,1,1,4,0,0
8479312,2024,Alex Lyon,DET,G,other,30,2650,6.18,2,79,3.39,9,8.39,7,41.05,34,1.08,0,24.49,23,10.87,14,5.49,27,19,9,1,2.22,2.96,1,1,0,24,0,0
8479312,2024,Alex Lyon,DET,G,all,30,93578,75.37,73,1520,54.02,84,192.75,151,791.36,705,25.68,2,435.36,342,307.9,441,71.29,771,241,81,21.6,28.88,24.89,30,31,12,427,2,1
8479312,2024,Alex Lyon,DET,G,5on5,30,77647,54.69,55,1225,40.98,57,159.51,131,631.71,563,19.77,2,345.02,266,253.01,365,52.43,641,178,56,17.13,21.53,16.02,25,23,7,350,2,1
8479312,2024,Alex Lyon,DET,G,4on5,30,5848,12.68,15,183,8.61,15,21.03,12,96.69,90,0.33,0,58.34,49,29.93,42,11.61,80,40,14,2.67,4.61,5.4,4,7,4,49,0,0
8479312,2024,Alex Lyon,DET,G,5on4,30,7433,1.34,0,26,0.8,3,2.65,1,16.55,12,4.27,0,5.26,4,11.38,14,1.27,17,4,1,0.54,0.52,0.28,0,0,0,4,0,0
8482982,2024,Jet Greaves,CBJ,G,other,11,695,2.56,4,28,1.33,3,3.3,3,15.99,19,0.4,1,9.15,5,4.12,6,1.94,13,4,4,0.62,0.56,1.39,2,1,1,7,0,0
8482982,2024,Jet Greaves,CBJ,G,all,11,39606,35.46,21,693,25.55,49,91.87,99,378.14,339,11.95,1,203.51,148,146.01,198,33.36,379,98,38,11.99,12.32,11.15,8,12,1,178,0,0
8482982,2024,Jet Greaves,CBJ,G,5on5,11,34752,30.11,16,617,21.94,44,82.8,89,334.08,297,10.02,0,179.53,132,131.45,176,28.71,342,83,32,10.69,10.27,9.15,6,10,0,160,0,0
8482982,2024,Jet Greaves,CBJ,G,4on5,11,1885,1.87,1,40,1.91,1,4.81,7,21.63,17,0.22,0,13.05,10,6.67,10,1.83,20,8,1,0.5,1.06,0.31,0,1,0,11,0,0
8482982,2024,Jet Greaves,CBJ,G,5on4,11,2274,0.92,0,8,0.36,1,0.96,0,6.44,6,1.31,0,1.78,1,3.77,6,0.88,4,3,1,0.18,0.44,0.3,0,0,0,0,0,0
8475809,2024,Scott Wedgewood,COL,G,other,24,2195,3.31,2,57,2.18,3,5.65,6,27.94,27,0.69,0,15.91,17,9.97,10,3.18,23,10,5,0.88,1.18,1.26,2,0,0,19,0,0
8475809,2024,Scott Wedgewood,COL,G,all,24,82385,56.17,53,1228,41.94,61,157.01,126,629.75,578,23.38,1,344.05,277,246.66,348,53.82,652,157,58,18.47,19.48,18.22,27,14,12,361,0,0
8475809,2024,Scott Wedgewood,COL,G,5on5,24,67560,40.89,37,1000,32.53,53,132.8,108,509.61,466,19.09,1,278.14,218,203.31,288,38.96,550,118,37,15,14.97,10.92,22,10,5,295,0,0
8475809,2024,Scott Wedgewood,COL,G,4on5,24,5953,10.11,12,143,6.28,3,15.37,10,74.61,65,0.3,0,44.19,40,22.76,36,9.89,62,26,13,1.96,2.97,5.17,2,3,7,42,0,0
8475809,2024,Scott Wedgewood,COL,G,5on4,24,6677,1.62,2,20,0.74,2,2.18,1,13.11,16,3.16,0,3.87,2,8.16,10,1.55,11,3,3,0.4,0.36,0.87,1,1,0,3,0,0
8479193,2024,Casey DeSmith,DAL,G,other,27,2748,4.17,5,80,3.32,3,8.28,6,42.13,33,0.4,0,28.39,27,13.26,18,3.98,43,11,5,1.47,1.36,1.33,0,2,3,21,0,0
8479193,2024,Casey DeSmith,DAL,G,all,27,90270,80.86,65,1541,55.92,83,200.65,151,827.13,761,25.42,3,447.84,385,319.86,446,77.75,813,229,91,23.93,27.92,29.01,22,21,22,408,2,1
8479193,2024,Casey DeSmith,DAL,G,5on5,27,73624,59.75,44,1264,42.8,69,169.33,127,668.68,612,20.3,2,356.69,304,263.09,367,57.61,671,178,65,19.36,21.8,18.59,18,16,10,350,0,0
8479193,2024,Casey DeSmith,DAL,G,4on5,27,6271,14.91,16,166,8.52,9,19.83,17,95.5,94,0.63,0,55.27,48,28.37,40,14.17,80,30,20,2.55,3.5,8.84,4,3,9,36,0,0
8479193,2024,Casey DeSmith,DAL,G,5on4,27,7627,2.03,0,31,1.28,2,3.22,1,20.81,22,4.09,1,7.49,6,15.13,21,2,19,10,1,0.54,1.25,0.24,0,0,0,1,2,1
8480191,2024,Matt Villalta,UTA,G,other,1,133,0.98,0,10,0.57,1,1,1,5.01,6,0.14,0,3.38,4,0.84,1,0.84,1,5,1,0.01,0.76,0.21,0,0,0,3,0,0
8480191,2024,Matt Villalta,UTA,G,all,1,3600,3.72,3,60,2.57,4,7.81,8,32.42,31,1.07,0,18.75,14,11.02,16,3.24,28,13,4,0.75,1.76,1.21,0,2,1,15,0,0
8480191,2024,Matt Villalta,UTA,G,5on5,1,2924,2.2,2,44,1.74,3,6.29,7,24.48,23,0.91,0,13.6,8,9.35,14,2.1,25,7,2,0.64,0.84,0.72,0,1,1,10,0,0
8480191,2024,Matt Villalta,UTA,G,4on5,1,153,0.54,1,6,0.26,0,0.53,0,2.93,2,0,0,1.77,2,0.82,1,0.3,2,1,1,0.09,0.17,0.28,0,1,0,2,0,0
8480191,2024,Matt Villalta,UTA,G,5on4,1,390,0,0,0,0,0,0,0,0,0,0.03,0,0,0,0,0,0,0,0,0,0,0,0,0,0,0,0,0,0
8474682,2024,Dustin Tokarski,CAR,G,other,6,698,0.86,0,15,0.41,1,1.57,3,7.29,7,0.23,0,3.78,1,3.16,5,0.79,9,0,1,0.34,0,0.52,0,0,0,5,0,0
8474682,2024,Dustin Tokarski,CAR,G,all,6,21499,11.75,13,300,9.93,12,36.65,34,150.96,132,7.02,1,81.77,54,61.89,94,11.37,160,38,9,4.05,4.75,2.94,7,5,1,93,0,0
8474682,2024,Dustin Tokarski,CAR,G,5on5,6,17234,9,12,242,7.67,8,29.41,26,117.84,99,5.57,0,64.05,41,47.92,75,8.88,125,32,5,3.33,4.09,1.57,7,4,1,80,0,0
8474682,2024,Dustin Tokarski,CAR,G,4on5,6,1755,1.01,1,34,1.52,1,4.65,5,19.24,19,0.23,0,11.87,12,6.32,7,0.98,21,4,1,0.33,0.44,0.24,0,1,0,8,0,0
8474682,2024,Dustin Tokarski,CAR,G,5on4,6,1812,0.87,0,9,0.33,2,1.01,0,6.59,7,0.98,1,2.07,0,4.49,7,0.72,5,2,2,0.04,0.22,0.61,0,0,0,0,0,0
8478916,2024,Joey Daccord,SEA,G,other,57,5385,16.28,14,163,7.13,9,17.32,17,91.89,81,1.63,1,52.54,51,26.58,32,12.9,66,30,27,2.67,3.68,9.93,2,4,8,40,0,0
8478916,2024,Joey Daccord,SEA,G,all,57,197715,170.05,151,3495,122.85,208,447.89,402,1817.31,1600,55.05,3,996.36,847,713.8,898,160.1,1896,418,199,54.05,52.43,63.56,62,47,42,982,0,0
8478916,2024,Joey Daccord,SEA,G,5on5,57,164698,121.91,106,2833,92.81,173,371.12,333,1444.65,1263,44.98,2,786.02,662,582.71,723,116.72,1543,333,128,43.46,42.16,36.29,51,38,17,829,0,0
8478916,2024,Joey Daccord,SEA,G,4on5,57,12486,27.9,29,433,20.75,24,52.44,44,234.94,210,1.17,0,143.62,127,73.16,102,26.55,244,43,39,6.77,5.08,16.06,9,5,15,107,0,0
8478916,2024,Joey Daccord,SEA,G,5on4,57,15146,3.81,2,63,2.05,2,6.58,7,43.59,43,7.14,0,13.19,7,30.09,39,3.8,40,12,5,1.02,1.51,1.28,0,0,2,6,0,0
8475311,2024,Darcy Kuemper,LAK,G,other,50,5586,12.63,15,150,6.5,11,16.57,12,84.97,80,1.5,0,46.97,35,27.51,39,11.32,65,32,16,2.22,3.91,6.5,3,7,5,37,2,1
8475311,2024,Darcy Kuemper,LAK,G,all,50,178419,122.51,100,2735,95.97,136,349.15,259,1426.7,1268,51.44,5,772.91,619,564.51,837,117.79,1487,350,117,40.41,43.68,38.42,43,34,23,781,12,6
8475311,2024,Darcy Kuemper,LAK,G,5on5,50,146018,84.61,64,2192,69.19,97,284.12,210,1111.9,974,42.29,5,602.78,483,454.86,678,82.34,1210,251,73,31.87,31.46,21.27,33,19,12,658,10,5
8475311,2024,Darcy Kuemper,LAK,G,4on5,50,14676,22.12,17,342,18.51,24,43.07,36,195.49,180,1.05,0,112.07,95,59.61,90,21.06,183,53,26,5.35,6.63,10.14,6,6,5,80,0,0
8475311,2024,Darcy Kuemper,LAK,G,5on4,50,12139,2.72,3,46,1.48,3,4.68,1,30.57,30,6.27,0,9.34,5,20.85,28,2.65,26,12,2,0.82,1.39,0.51,1,1,1,6,0,0
8481692,2024,Dustin Wolf,CGY,G,other,53,5500,14.84,16,166,6.52,11,15.96,13,87.11,78,1.99,1,46.59,42,28.26,33,12.98,64,28,23,2.3,3.68,8.86,4,3,9,51,0,0
8481692,2024,Dustin Wolf,CGY,G,all,53,190942,151.93,140,3181,110.26,161,404.76,392,1647.63,1549,57.6,6,887.42,702,651.49,859,145.09,1681,433,148,47.86,54.34,49.73,48,56,36,919,2,1
8481692,2024,Dustin Wolf,CGY,G,5on5,53,156616,108.47,90,2532,81.18,125,328.79,314,1286.81,1212,47.21,4,691.96,542,522.91,699,104.99,1354,324,99,38.84,40.57,29.06,37,38,15,755,0,0
8481692,2024,Dustin Wolf,CGY,G,4on5,53,13940,23.76,25,410,20.02,24,52.17,60,223.85,205,1.05,0,131.54,102,69.41,93,22.41,217,66,22,5.07,8.26,10.44,2,11,12,105,0,0
8481692,2024,Dustin Wolf,CGY,G,5on4,53,14886,3.36,5,48,1.69,0,4.63,4,34.53,41,7.2,1,10.09,9,23.22,26,3.28,29,12,3,0.95,1.57,0.84,1,4,0,4,2,1
8481668,2024,Arturs Silovs,VAN,G,other,10,839,0.51,3,8,0.32,0,1.09,0,5.4,6,0.19,0,2.53,1,2.4,3,0.51,5,1,1,0.19,0.08,0.24,1,1,1,1,0,0
8481668,2024,Arturs Silovs,VAN,G,all,10,32551,22.83,33,497,17.21,25,64.08,45,261.18,238,7.54,0,143.79,123,103.4,133,21.97,282,52,26,7.99,6.61,8.23,19,7,7,137,2,1
8481668,2024,Arturs Silovs,VAN,G,5on5,10,26484,17.78,24,419,13.94,22,56,40,220.23,196,6.15,0,120.6,106,87.36,110,16.99,242,41,20,6.54,5.37,5.86,18,3,3,116,2,1
8481668,2024,Arturs Silovs,VAN,G,4on5,10,2713,3.94,4,63,2.67,3,6.35,5,30.32,30,0.23,0,19,15,9.98,16,3.87,31,7,5,1.02,0.79,2.13,0,1,3,20,0,0
8481668,2024,Arturs Silovs,VAN,G,5on4,10,2515,0.6,2,7,0.28,0,0.64,0,5.23,6,0.98,0,1.66,1,3.66,4,0.6,4,3,0,0.24,0.37,0,0,2,0,0,0,0
8483668,2024,Nikke Kokko,SEA,G,other,1,0,0,0,0,0,0,0,0,0,0,0,0,0,0,0,0,0,0,0,0,0,0,0,0,0,0,0,0,0
8483668,2024,Nikke Kokko,SEA,G,all,1,1797,0.58,2,16,0.4,0,1.57,0,6.9,6,0.4,0,4.3,3,2.93,5,0.58,7,3,0,0.21,0.36,0,1,1,0,6,0,0
8483668,2024,Nikke Kokko,SEA,G,5on5,1,1557,0.47,2,12,0.37,0,1.41,0,6.13,5,0.36,0,3.86,3,2.69,4,0.47,7,2,0,0.21,0.26,0,1,1,0,3,0,0
8483668,2024,Nikke Kokko,SEA,G,4on5,1,120,0.11,0,4,0.03,0,0.16,0,0.77,1,0.02,0,0.43,0,0.24,1,0.11,0,1,0,0,0.11,0,0,0,0,3,0,0
8483668,2024,Nikke Kokko,SEA,G,5on4,1,120,0,0,0,0,0,0,0,0,0,0.02,0,0,0,0,0,0,0,0,0,0,0,0,0,0,0,0,0,0
8473503,2024,James Reimer,BUF,G,other,24,2510,7.28,4,82,3.12,3,9.17,10,45.01,37,0.61,0,24.39,24,14.59,18,5.79,34,14,12,1.38,1.71,4.19,3,0,1,22,0,0
8473503,2024,James Reimer,BUF,G,all,24,81770,77.01,69,1424,50.93,70,184.03,146,765.43,664,21.24,1,411.27,343,294.85,412,72.63,729,215,99,22.34,26.27,28.4,20,28,21,381,0,0
8473503,2024,James Reimer,BUF,G,5on5,24,67507,55.18,49,1150,38.68,61,154.72,113,612,522,17.03,1,329.87,277,239.33,337,53.2,610,161,67,17.96,19.58,17.64,16,19,14,312,0,0
8473503,2024,James Reimer,BUF,G,4on5,24,5965,12.18,14,156,8.02,4,16.12,20,84.34,80,0.64,0,49.61,39,24.62,35,11.37,62,35,16,2.25,4.4,5.53,1,8,5,43,0,0
8473503,2024,James Reimer,BUF,G,5on4,24,5788,2.37,2,36,1.1,2,4.02,3,24.09,25,2.96,0,7.41,3,16.3,22,2.27,23,5,4,0.74,0.58,1.05,0,1,1,4,0,0
8478499,2024,Adin Hill,VGK,G,other,50,3538,14.48,7,141,5.82,8,13.53,13,76.54,62,0.76,0,46.74,48,18.88,25,11.78,55,28,19,2.25,3.56,8.67,2,2,3,39,0,0
8478499,2024,Adin Hill,VGK,G,all,50,176413,135.53,121,2880,96.72,154,360.64,265,1474.18,1293,50.69,5,807.33,708,579.99,780,127.67,1524,358,148,43.89,44.14,47.5,41,40,40,850,4,2
8478499,2024,Adin Hill,VGK,G,5on5,50,153280,101.65,92,2406,76.26,125,310.09,229,1219.68,1064,43.24,5,660.1,569,493.59,667,97.55,1294,281,108,36.96,34.78,29.91,37,29,26,723,4,2
8478499,2024,Adin Hill,VGK,G,4on5,50,9239,16,20,282,13.26,17,32.56,21,148.62,140,0.99,0,91.46,85,48.75,64,14.99,153,36,18,3.85,4.15,7.99,2,8,10,75,0,0
8478499,2024,Adin Hill,VGK,G,5on4,50,10356,3.2,2,44,1.28,4,4.07,2,27.09,25,5.55,0,8,5,17.58,22,3.13,20,12,3,0.71,1.57,0.92,0,1,1,9,0,0
8480843,2024,Lukas Dostal,ANA,G,other,54,6004,18.58,15,205,7.87,10,22.36,27,115.22,110,2.64,0,61.76,46,38.76,55,15.83,92,35,26,4.01,4.18,10.39,2,8,5,52,0,0
8480843,2024,Lukas Dostal,ANA,G,all,54,183459,172.35,158,3424,123.37,172,433.62,406,1816.03,1625,50.96,3,991.31,789,716.47,970,163.1,1845,478,175,54.52,59.62,58.2,54,64,40,926,0,0
8480843,2024,Lukas Dostal,ANA,G,5on5,54,148814,119.69,105,2731,91.17,130,354.31,322,1417.98,1247,39.94,3,776.36,624,573.73,780,115.63,1482,375,106,43.81,47.44,28.44,44,45,16,768,0,0
8480843,2024,Lukas Dostal,ANA,G,4on5,54,13759,29.69,34,417,21.82,31,49.84,54,236.1,224,0.92,0,137.45,107,73.48,93,27.31,229,52,39,5.31,5.93,18.44,7,9,18,97,0,0
8480843,2024,Lukas Dostal,ANA,G,5on4,54,14882,3.7,3,59,1.98,0,5.66,2,39.59,37,7.23,0,12.11,11,27.11,36,3.66,35,13,4,1.1,1.67,0.93,1,1,1,7,0,0
8481519,2024,Spencer Knight,CHI,G,other,38,2943,6.79,5,82,3.72,7,10.12,6,48.81,50,1.17,0,27.17,31,15.46,16,6.23,42,13,10,1.55,1.7,3.54,1,1,3,17,0,0
8481519,2024,Spencer Knight,CHI,G,all,38,132171,106.9,100,2072,78.61,123,276.82,224,1131.43,1012,36.19,2,618.39,483,438.41,624,101.97,1152,281,125,33.05,34.72,39.12,46,28,26,514,0,0
8481519,2024,Spencer Knight,CHI,G,5on5,38,112756,81.39,74,1731,62.05,96,235.82,193,934.76,825,30.06,2,512.9,396,371.85,534,78.3,979,226,91,27.99,27.87,25.53,42,19,13,435,0,0
8481519,2024,Spencer Knight,CHI,G,4on5,38,8540,15.73,18,223,11.56,16,26.75,23,123.12,108,0.94,0,70.48,49,36.18,58,15.13,112,34,19,3.07,4.19,8.48,2,6,10,58,0,0
8481519,2024,Spencer Knight,CHI,G,5on4,38,7932,2.43,3,28,0.94,4,3.18,1,19.45,23,3.84,0,5.51,5,12.24,12,1.77,14,7,4,0.22,0.87,1.34,1,2,0,3,0,0
8480981,2024,Joel Hofer,STL,G,other,31,2714,4.16,5,66,2.59,2,6.69,10,35.68,36,0.94,2,21.75,16,12.62,16,4.04,28,19,2,1.09,2.19,0.88,2,3,0,17,0,0
8480981,2024,Joel Hofer,STL,G,all,31,100729,69.66,74,1608,53.45,69,200.09,208,822.92,767,24.07,4,455.08,354,333.99,434,66.82,859,218,63,24.1,26.29,19.27,28,33,13,468,2,1
8480981,2024,Joel Hofer,STL,G,5on5,31,86093,53.71,47,1360,42.34,58,171.04,180,679.68,630,19.65,1,372.28,292,278.66,363,51.67,728,164,49,19.74,19.99,13.97,17,22,8,419,2,1
8480981,2024,Joel Hofer,STL,G,4on5,31,4995,10.2,17,148,7.48,8,18.99,17,86.25,79,0.45,0,53.81,41,27.63,38,9.61,80,31,10,2.68,3.57,3.95,6,6,5,27,0,0
8480981,2024,Joel Hofer,STL,G,5on4,31,6927,1.47,4,33,0.99,1,3.21,1,20.6,21,2.92,1,6.76,5,14.88,17,1.4,23,3,2,0.58,0.42,0.47,3,1,0,5,0,0
8478848,2024,Ales Stezka,SEA,G,other,1,0,0,0,0,0,0,0,0,0,0,0,0,0,0,0,0,0,0,0,0,0,0,0,0,0,0,0,0,0
8478848,2024,Ales Stezka,SEA,G,all,1,3500,2.54,3,50,2.1,1,7.11,5,30.28,23,1.16,0,16.91,17,12.36,15,2.48,30,12,0,1.07,1.47,0,1,2,0,8,0,0
8478848,2024,Ales Stezka,SEA,G,5on5,1,3380,2.38,2,48,2.01,1,6.96,5,28.81,21,1.02,0,16.41,17,11.3,14,2.33,29,11,0,1.03,1.34,0,0,2,0,8,0,0
8478848,2024,Ales Stezka,SEA,G,4on5,1,0,0,0,0,0,0,0,0,0,0,0,0,0,0,0,0,0,0,0,0,0,0,0,0,0,0,0,0,0
8478848,2024,Ales Stezka,SEA,G,5on4,1,120,0.16,1,2,0.09,0,0.15,0,1.48,2,0.13,0,0.51,0,1.06,1,0.16,1,1,0,0.04,0.12,0,1,0,0,0,0,0
8482221,2024,Devon Levi,BUF,G,other,9,647,0.4,1,9,0.21,0,0.75,1,3.87,4,0.14,0,1.75,1,1.77,2,0.4,3,2,0,0.13,0.27,0,0,1,0,4,0,0
8482221,2024,Devon Levi,BUF,G,all,9,28838,24.97,33,452,17.98,34,62.89,48,254.57,258,8.47,0,138.27,100,99.16,136,23.97,265,57,30,7.94,7.39,9.63,12,12,9,100,0,0
8482221,2024,Devon Levi,BUF,G,5on5,9,23510,17.43,24,351,12.88,27,50.62,34,194.48,196,7.23,0,103.47,73,77.78,110,16.75,204,46,19,6,6.13,5.31,10,10,4,82,0,0
8482221,2024,Devon Levi,BUF,G,4on5,9,2583,6.72,8,84,4.56,7,10.68,12,50.77,51,0.16,0,30.92,26,15.52,17,6.4,52,7,11,1.63,0.76,4.33,2,1,5,14,0,0
8482221,2024,Devon Levi,BUF,G,5on4,9,2098,0.42,0,8,0.33,0,0.84,1,5.45,7,0.84,0,2.13,0,4.08,7,0.41,6,2,0,0.19,0.23,0,0,0,0,0,0,0
8478492,2024,Ilya Samsonov,VGK,G,other,29,2016,4.79,2,58,2.57,2,5.98,5,30.22,21,0.37,0,18.04,19,7.58,12,4.36,21,12,7,0.81,1.36,2.61,0,1,1,18,0,0
8478492,2024,Ilya Samsonov,VGK,G,all,29,104722,82.61,82,1672,58.53,102,216.99,159,876.73,752,31.32,1,469.03,418,339.74,435,77.98,882,218,97,25.21,27.28,30.12,36,29,17,475,4,2
8478492,2024,Ilya Samsonov,VGK,G,5on5,29,91634,64.9,59,1421,48.14,86,189.9,143,745.53,643,27.21,1,396.38,348,294.96,383,61.56,768,179,73,21.26,22.92,20.73,31,21,7,401,4,2
8478492,2024,Ilya Samsonov,VGK,G,4on5,29,5328,10.7,17,158,6.66,12,17.54,9,79.85,66,0.38,0,46.95,44,24.5,27,10.12,74,22,13,2.61,2.49,5.59,3,6,8,49,0,0
8478492,2024,Ilya Samsonov,VGK,G,5on4,29,5744,0.66,1,18,0.51,0,1.57,1,10.98,11,3.23,0,3.63,2,8.29,11,0.65,12,2,1,0.23,0.2,0.23,1,0,0,3,0,0
8475683,2024,Sergei Bobrovsky,FLA,G,other,54,5917,11.14,8,150,6.13,6,17.91,10,85.04,77,2.14,0,47.65,43,29.27,48,10.14,76,24,15,2.79,2.97,5.38,2,3,3,35,0,0
8475683,2024,Sergei Bobrovsky,FLA,G,all,54,191999,137.24,130,2756,98.95,140,369.94,304,1500.07,1377,62.05,4,812.53,692,591.81,793,130.71,1569,337,155,42.28,41.09,53.87,45,50,35,695,4,2
8475683,2024,Sergei Bobrovsky,FLA,G,5on5,54,155950,91.16,86,2161,71.17,110,296.48,246,1151.33,1058,49.61,1,619.9,525,470.43,621,88.01,1243,254,91,33.7,31.18,26.29,38,37,11,573,4,2
8475683,2024,Sergei Bobrovsky,FLA,G,4on5,54,15259,32.67,33,397,20.28,23,50.43,46,231.36,204,1.35,0,134.15,113,69.7,98,30.39,217,52,46,4.91,6.24,21.52,3,9,21,82,0,0
8475683,2024,Sergei Bobrovsky,FLA,G,5on4,54,14873,1.54,3,40,1.08,1,4.27,1,27.85,32,8.68,3,8.79,7,20.47,25,1.5,31,5,1,0.76,0.54,0.24,2,1,0,3,0,0
8478905,2024,Ivan Fedotov,PHI,G,other,26,1867,3.9,7,53,1.72,2,3.97,3,22.36,20,0.7,0,13.32,9,7.24,10,3.67,10,17,4,0.41,1.9,1.6,1,4,2,22,0,0
8478905,2024,Ivan Fedotov,PHI,G,all,26,85741,61.36,75,1364,44.9,64,163.34,133,675.68,624,23.53,1,368.44,266,276.07,396,58.96,686,196,55,20.07,24.25,17.04,32,31,12,427,0,0
8478905,2024,Ivan Fedotov,PHI,G,5on5,26,72671,46.82,59,1155,36.8,55,143.2,118,571.6,532,19.64,1,314.35,228,234.61,333,45.06,611,143,41,17.19,17.75,11.88,29,24,6,360,0,0
8478905,2024,Ivan Fedotov,PHI,G,4on5,26,4997,8.07,8,113,4.96,7,12.01,10,56.45,46,0.39,0,31.33,24,17.65,27,7.66,40,27,9,1.36,3.44,3.27,1,3,4,37,0,0
8478905,2024,Ivan Fedotov,PHI,G,5on4,26,6206,1.63,0,26,0.87,0,2.54,2,16.11,17,2.6,0,5.52,4,11.86,17,1.63,17,5,1,0.73,0.6,0.3,0,0,0,3,0,0
8478470,2024,Sam Montembeault,MTL,G,other,62,5868,20.01,11,217,8.94,24,23.03,15,118.21,98,1.6,2,64.39,63,36.41,44,16.77,87,40,30,3.36,5.09,11.55,3,5,3,60,0,0
8478470,2024,Sam Montembeault,MTL,G,all,62,212039,190.59,166,3694,127.21,198,453.37,341,1907.08,1679,55.78,7,1015.65,812,734.22,1067,178.31,1864,497,224,54.67,62.12,73.8,61,66,39,1109,0,0
8478470,2024,Sam Montembeault,MTL,G,5on5,62,172900,134.76,120,2902,93.01,154,370.52,275,1485.81,1295,45.36,2,782.08,592,590.58,879,129.51,1490,381,150,43.97,48.09,42.71,50,51,19,881,0,0
8478470,2024,Sam Montembeault,MTL,G,4on5,62,17171,32.01,31,506,23.06,20,52.3,48,259.71,240,1.45,0,154.26,144,79.09,106,28.27,243,66,40,5.91,7.62,18.49,6,9,16,157,0,0
8478470,2024,Sam Montembeault,MTL,G,5on4,62,16100,3.1,3,57,1.73,0,5.59,2,34.75,36,7.22,3,11.4,9,24.04,33,3.08,35,8,4,0.99,1.04,1.06,1,1,1,10,0,0
8475839,2024,Louis Domingue,NYR,G,other,1,38,0,0,0,0,0,0,0,0,0,0,0,0,0,0,0,0,0,0,0,0,0,0,0,0,0,0,0,0
8475839,2024,Louis Domingue,NYR,G,all,1,3600,1.93,2,45,1.52,2,5.99,8,24.12,27,1.03,0,13.45,12,10.32,10,1.82,27,4,3,0.61,0.54,0.78,1,1,0,11,0,0
8475839,2024,Louis Domingue,NYR,G,5on5,1,3442,1.89,2,44,1.47,2,5.83,7,23.39,26,1.03,0,13.04,12,10,10,1.78,26,4,3,0.57,0.54,0.78,1,1,0,11,0,0
8475839,2024,Louis Domingue,NYR,G,4on5,1,120,0.04,0,1,0.05,0,0.16,1,0.73,1,0,0,0.41,0,0.32,0,0.04,1,0,0,0.04,0,0,0,0,0,0,0,0
8475839,2024,Louis Domingue,NYR,G,5on4,1,0,0,0,0,0,0,0,0,0,0,0,0,0,0,0,0,0,0,0,0,0,0,0,0,0,0,0,0,0
8480885,2024,Olivier Rodrigue,EDM,G,other,2,281,0.39,0,5,0.27,0,0.54,2,3.25,3,0.17,0,1.37,0,1.34,2,0.39,2,2,0,0.09,0.3,0,0,0,0,1,0,0
8480885,2024,Olivier Rodrigue,EDM,G,all,2,4645,3.35,4,61,2.44,2,8.38,11,35.96,29,1.64,0,19.63,12,13.99,20,3.24,33,15,1,1.11,1.88,0.36,0,4,0,12,0,0
8480885,2024,Olivier Rodrigue,EDM,G,5on5,2,3522,2.13,4,48,1.67,1,6.56,9,26.71,24,1.24,0,14.91,10,10.86,13,2.09,27,10,0,0.85,1.27,0,0,4,0,11,0,0
8480885,2024,Olivier Rodrigue,EDM,G,4on5,2,406,0.83,0,8,0.5,1,1.28,0,6.01,2,0.02,0,3.36,2,1.79,5,0.76,4,3,1,0.17,0.31,0.36,0,0,0,0,0,0
8480885,2024,Olivier Rodrigue,EDM,G,5on4,2,436,0,0,0,0,0,0,0,0,0,0.22,0,0,0,0,0,0,0,0,0,0,0,0,0,0,0,0,0,0
8475852,2024,Petr Mrazek,DET,G,other,38,2630,4.95,4,68,2.91,9,7.85,5,36.2,38,0.98,0,22.39,21,11.5,12,4.24,28,17,6,1.08,2.15,1.72,1,2,1,17,0,0
8475852,2024,Petr Mrazek,DET,G,all,38,124807,102.03,116,2189,77.06,132,277.3,212,1127.75,1066,29.88,3,615.47,503,440.85,586,97.4,1134,311,106,31.96,38.39,31.68,39,54,23,638,0,0
8475852,2024,Petr Mrazek,DET,G,5on5,38,103889,76.78,86,1820,59.74,104,233.91,178,917.25,855,24.18,2,498.1,412,365.35,483,73.98,941,249,75,26.62,30.93,19.23,35,38,13,555,0,0
8475852,2024,Petr Mrazek,DET,G,4on5,38,9942,17.9,20,262,13.09,19,31.43,27,145.92,147,0.81,0,85.96,68,44.71,64,16.79,140,34,24,3.43,4.01,10.46,2,9,9,64,0,0
8475852,2024,Petr Mrazek,DET,G,5on4,38,8346,2.05,4,36,1.15,0,3.72,2,25.97,24,3.9,1,7.96,2,18.33,26,2.04,25,8,1,0.82,0.96,0.27,1,3,0,2,0,0
8482447,2024,Leevi Merilinen,OTT,G,other,12,1262,2.73,2,37,1.33,3,4.01,6,19.59,24,0.48,0,10.55,7,6.67,8,2.51,17,5,4,0.68,0.65,1.4,1,0,1,11,0,0
8482447,2024,Leevi Merilinen,OTT,G,all,12,39779,28.75,22,610,19.6,32,77,71,310.3,295,11.26,1,164.68,125,125.21,176,26.54,320,76,30,8.77,9.67,10.32,8,6,8,184,0,0
8482447,2024,Leevi Merilinen,OTT,G,5on5,12,31817,17.36,17,481,14.25,21,62.06,55,235.34,220,8.55,1,127.86,100,98.12,135,16.8,262,50,16,6.71,6.54,4.12,7,5,5,153,0,0
8482447,2024,Leevi Merilinen,OTT,G,4on5,12,3267,7.78,3,74,3.47,7,8.7,9,42.91,42,0.22,0,22.34,17,12.36,20,6.39,29,17,10,1.02,1.97,4.79,0,1,2,18,0,0
8482447,2024,Leevi Merilinen,OTT,G,5on4,12,3433,0.69,0,15,0.42,1,1.96,0,10.89,8,1.94,0,3.23,1,7.36,12,0.67,11,3,0,0.33,0.37,0,0,0,0,1,0,0
8482076,2024,Nico Daws,NJD,G,other,6,746,1.17,2,17,0.73,3,2.34,0,9.84,8,0.17,0,5.19,6,4.14,3,1.03,9,3,2,0.28,0.35,0.54,1,1,0,3,0,0
8482076,2024,Nico Daws,NJD,G,all,6,15771,11.95,7,269,9.51,16,34.84,19,139.35,114,4.48,0,78.75,62,54.21,90,11.49,143,42,9,4,5.27,2.69,3,4,0,75,0,0
8482076,2024,Nico Daws,NJD,G,5on5,6,12501,7.53,5,204,6.5,7,26.71,14,104,84,3.85,0,58.24,41,41.63,77,7.37,109,33,2,2.91,4.17,0.46,2,3,0,60,0,0
8482076,2024,Nico Daws,NJD,G,4on5,6,1569,3.07,0,44,2.17,6,5.45,5,23.13,20,0.15,0,14.56,15,6.9,7,2.91,23,5,5,0.77,0.61,1.69,0,0,0,11,0,0
8482076,2024,Nico Daws,NJD,G,5on4,6,955,0.18,0,4,0.11,0,0.33,0,2.38,2,0.3,0,0.76,0,1.55,3,0.18,2,1,0,0.04,0.14,0,0,0,0,1,0,0
8481707,2024,Erik Portillo,LAK,G,other,1,91,0.19,0,4,0.13,0,0.44,0,1.64,1,0.04,0,0.89,1,0.3,1,0.17,1,1,0,0.05,0.14,0,0,0,0,2,0,0
8481707,2024,Erik Portillo,LAK,G,all,1,3517,2.74,1,59,2.33,5,8.63,6,35.68,29,0.89,0,20.03,18,14.08,19,2.55,37,10,2,1.13,1.14,0.47,0,1,0,10,0,0
8481707,2024,Erik Portillo,LAK,G,5on5,1,2826,1.71,1,46,1.6,3,6.75,5,27.11,21,0.7,0,15.51,14,11.5,15,1.64,32,5,1,0.93,0.54,0.23,0,1,0,8,0,0
8481707,2024,Erik Portillo,LAK,G,4on5,1,360,0.81,0,8,0.57,2,1.36,1,6.24,7,0.02,0,3.4,3,1.65,2,0.71,3,4,1,0.12,0.46,0.23,0,0,0,0,0,0
8481707,2024,Erik Portillo,LAK,G,5on4,1,240,0.03,0,1,0.03,0,0.08,0,0.69,0,0.13,0,0.23,0,0.63,1,0.03,1,0,0,0.03,0,0,0,0,0,0,0,0
8480045,2024,Ukko-Pekka Luukkonen,BUF,G,other,55,6626,16.32,19,197,8.07,11,20.13,11,102.57,96,1.89,1,58.84,59,31.02,38,13.73,80,38,20,3.33,4.63,8.36,6,6,7,59,0,0
8480045,2024,Ukko-Pekka Luukkonen,BUF,G,all,55,190333,160.42,169,3115,112.19,180,397.39,293,1649.26,1490,53.98,5,898.79,766,647.72,854,150.89,1670,430,172,47.46,54.71,58.25,58,62,49,843,2,1
8480045,2024,Ukko-Pekka Luukkonen,BUF,G,5on5,55,155261,109.4,116,2471,83.85,145,326.02,245,1292.07,1157,43.26,3,702.17,592,519.15,679,105.11,1342,337,105,37.95,42.98,28.48,50,47,19,687,2,1
8480045,2024,Ukko-Pekka Luukkonen,BUF,G,4on5,55,14093,30.83,31,380,17.88,23,44.25,35,207.73,194,1.56,1,122.46,104,65.54,93,28.24,201,45,42,4.86,5.67,20.3,1,8,22,92,0,0
8480045,2024,Ukko-Pekka Luukkonen,BUF,G,5on4,55,14353,3.48,3,61,2.14,1,6.07,2,42.26,43,7.01,0,13.39,11,29.61,38,3.45,43,8,5,1.17,1.21,1.11,1,1,1,5,0,0
